ID de video,Marca de tiempo de creación del video de la lista de reproducción
nImp1wBSof4,2023-08-17T18:02:44+00:00
xS9Ov5tGNgw,2023-08-17T17:59:38+00:00
EwlovmzfIgY,2023-08-17T15:51:31+00:00
A41vSWLbt6I,2023-08-17T14:44:37+00:00
WZ0cYWxaOnE,2023-08-17T09:42:13+00:00
1MXIz_-5ZBU,2023-08-16T11:10:34+00:00
iaSzG8WR6nI,2023-08-16T11:05:27+00:00
4dm3Ml9g_cs,2023-08-16T00:05:53+00:00
SH0uz3x9P0o,2023-08-15T07:12:03+00:00
6O8Y6MVQh30,2023-08-15T05:16:38+00:00
0XW9XN_vDaA,2023-08-15T05:13:10+00:00
Wh3t49NsWBA,2023-08-15T03:29:56+00:00
anI4BlzU2MQ,2023-08-13T02:02:16+00:00
B6iJqZfV9Y0,2023-08-13T01:28:44+00:00
N-qZEn0Qr3U,2023-08-13T01:13:24+00:00
txEuMLvRclw,2023-08-13T00:30:36+00:00
xwVCY1ZCoFQ,2023-08-12T23:38:35+00:00
bOJcbjA86k0,2023-08-12T23:12:20+00:00
581YndWsFuk,2023-08-12T21:37:20+00:00
bw5Vsg9vRNs,2023-08-12T08:25:53+00:00
vEe35OsffEQ,2023-08-11T05:29:03+00:00
 -qBkb6c-5TU,2023-08-11T05:26:03+00:00
Eix8FGWaLn0,2023-08-11T01:26:52+00:00
6hW7rslqpjU,2023-08-10T19:39:59+00:00
3TCyLIiqd2g,2023-08-10T19:16:19+00:00
bC6ouP7qRoQ,2023-08-10T19:04:34+00:00
5qo2tZvIsYk,2023-08-05T11:57:21+00:00
wqp71DOJ3aY,2023-08-05T02:28:46+00:00
TO3NAN7qvOE,2023-08-05T01:44:03+00:00
TO3NAN7qvOE,2023-08-05T01:43:54+00:00
tqv51EpA6w8,2023-08-03T16:02:33+00:00
LA4Np-GOF3Q,2023-08-03T15:56:52+00:00
HqFAFSzfGuE,2023-08-03T15:52:09+00:00
vHa6At41Jsw,2023-08-03T15:35:10+00:00
otFVFLtRF_s,2023-08-03T01:29:47+00:00
1PlAteHOh9I,2023-08-01T17:23:42+00:00
3Sl6rckSqzs,2023-08-01T15:37:49+00:00
HFU3JBrZm2c,2023-08-01T13:25:50+00:00
D87-sg4luzQ,2023-08-01T05:09:01+00:00
0k1HCsQW028,2023-07-31T23:46:01+00:00
x6R-A_VcdU4,2023-07-31T08:02:19+00:00
embxt0jQ8f4,2023-07-31T07:55:42+00:00
bCXqIRzvSmM,2023-07-29T06:00:22+00:00
kiAxE2xd174,2023-07-28T03:40:31+00:00
7ce1XG4RhwU,2023-07-27T05:47:55+00:00
TB6HA350kv8,2023-07-27T05:35:59+00:00
MDZulb7z_pk,2023-07-27T03:57:21+00:00
gJQ8o3A_Cu4,2023-07-26T15:16:07+00:00
L70Scri0XVk,2023-07-25T16:31:51+00:00
L70Scri0XVk,2023-07-25T16:31:40+00:00
LtlMfSxB5xY,2023-07-25T15:52:20+00:00
pqg3_jo2u8s,2023-07-25T08:21:39+00:00
pIZvxDUvlgw,2023-07-23T10:30:52+00:00
th0t9Hza8rk,2023-07-23T10:30:10+00:00
PS42BURQARU,2023-07-23T02:10:48+00:00
bR68_kSnLSY,2023-07-22T18:28:18+00:00
j9XY4pAWfuE,2023-07-20T06:06:26+00:00
zvbsbEYV3g8,2023-07-20T03:11:23+00:00
Y6gniCyH5g4,2023-07-19T09:51:27+00:00
VfmcC8xqpRA,2023-07-19T08:43:56+00:00
DS6hw8k0oFM,2023-07-18T04:32:28+00:00
Nlnoa67MUJU,2023-07-17T23:25:49+00:00
OqFb6HDLe1I,2023-07-15T08:44:45+00:00
ilyTv978X6w,2023-07-15T07:34:04+00:00
80ssUKt76-c,2023-07-13T23:20:10+00:00
uj2-D5dd7Q4,2023-07-13T23:19:29+00:00
BwC0jHD46vo,2023-07-13T23:08:08+00:00
nFCJLFVuyFk,2023-07-11T20:08:35+00:00
MWvdtWeg02E,2023-07-11T19:59:27+00:00
dFDiO9XKsus,2023-07-11T12:46:14+00:00
4D_P1mE8h0Y,2023-07-11T06:31:47+00:00
26swXy5CkJo,2023-07-11T06:25:08+00:00
TJcoaIeH3GI,2023-07-10T23:12:37+00:00
vAXA6ofwZrc,2023-07-10T19:54:05+00:00
qTQvFFbVqDo,2023-07-10T15:37:01+00:00
cnwhPwuyABc,2023-07-10T14:01:07+00:00
TKO542M9lNI,2023-07-09T17:13:07+00:00
qT2V_fV2q9s,2023-07-09T17:12:23+00:00
L4nMgBPIb5Q,2023-07-09T16:10:47+00:00
cSpvar5cv2g,2023-07-09T14:41:16+00:00
e0Pdz6Ls_5o,2023-07-09T13:31:43+00:00
yGlWWHsknIE,2023-07-09T13:29:51+00:00
PriktDW8YvA,2023-07-09T13:26:14+00:00
k_XLnFGNhL0,2023-07-09T11:22:03+00:00
ecM7_3rs5gU,2023-07-09T11:20:56+00:00
QLUm_yvnyo4,2023-07-09T11:20:27+00:00
lEeaFZkpLH4,2023-07-09T08:08:26+00:00
47w_plUKSZo,2023-07-09T08:05:51+00:00
4DAPVFJfFkU,2023-07-09T08:04:02+00:00
Kp8DBZ1Xh9k,2023-07-07T20:47:15+00:00
gTuxzoLnBnU,2023-07-07T20:46:20+00:00
2OH18sYPQO0,2023-07-07T20:10:24+00:00
BQn6Qb-9mD8,2023-07-07T20:07:54+00:00
pT4IufMeyYA,2023-07-07T19:56:06+00:00
95gL5U4ILFc,2023-07-07T13:08:36+00:00
ZfDCXLLLsrY,2023-07-07T09:55:13+00:00
5xJGBvVr6J8,2023-07-07T07:30:23+00:00
mKe_POi_gaQ,2023-07-07T06:50:53+00:00
mlm_SIw2YnI,2023-07-07T06:18:43+00:00
8ZNUgmAd57s,2023-07-06T16:31:06+00:00
E1IOO5wdPJk,2023-07-06T16:26:46+00:00
5jbzdl9isW0,2023-07-05T06:18:42+00:00
80LfQZUxeP0,2023-07-05T05:01:07+00:00
qr6mTloYJJs,2023-07-05T01:45:09+00:00
by4khgR7Q5k,2023-07-05T01:43:12+00:00
L2zCZRBDOHU,2023-07-05T00:59:26+00:00
WUElr_1D038,2023-07-04T17:02:56+00:00
ROJzhe-zw98,2023-07-04T16:56:41+00:00
VaMT44YCfb0,2023-07-04T16:28:35+00:00
enuOArEfqGo,2023-07-03T07:24:42+00:00
N15cWLpPrUQ,2023-07-03T04:22:10+00:00
uVC7DJ9If_M,2023-07-01T21:07:44+00:00
iyR9o_Q-LiM,2023-06-27T10:07:54+00:00
XvX_iNFcKho,2023-06-25T06:35:30+00:00
e6CbO6xn0C4,2023-06-23T13:46:38+00:00
5A4xBp2rizQ,2023-06-23T11:12:31+00:00
5A4xBp2rizQ,2023-06-23T11:12:06+00:00
IGVZOLV9SPo,2023-06-23T11:10:23+00:00
qxZInIyOBXk,2023-06-23T11:07:22+00:00
qxZInIyOBXk,2023-06-23T11:07:10+00:00
JSDkvIgKF9o,2023-06-22T12:25:51+00:00
06Qm-Z5OsHw,2023-06-22T10:32:10+00:00
KDfnIQQdzY4,2023-06-22T10:30:40+00:00
p_gGbYjloTs,2023-06-22T10:19:22+00:00
vnjIB6CxAlM,2023-06-22T07:16:45+00:00
TzEHhLxaz3o,2023-06-22T01:47:09+00:00
OpDueeGPuc0,2023-06-22T01:44:25+00:00
lxmDZDq03Co,2023-06-22T00:08:52+00:00
Bj2bG1IvJyA,2023-06-21T03:47:08+00:00
 -TaaCkjoITQ,2023-06-20T21:53:34+00:00
ICa1vUsIoqI,2023-06-20T21:53:26+00:00
jp0UXnQ70gY,2023-06-20T18:15:29+00:00
v2AWGD5rCNU,2023-06-20T16:19:09+00:00
J5VF0mMTIFU,2023-06-20T16:17:20+00:00
5TKUqWG4kgc,2023-06-20T13:12:10+00:00
 -TOAp0vyQVQ,2023-06-19T22:09:52+00:00
8ha7b4IZLPk,2023-06-19T15:01:20+00:00
D9wdWzOIsUg,2023-06-17T12:47:45+00:00
RgX7RNZ6P08,2023-06-17T12:38:52+00:00
A-k_loiBYI8,2023-06-17T08:11:31+00:00
8_kYdNYlzLk,2023-06-17T05:19:37+00:00
R0qqHFlT7o4,2023-06-15T00:23:03+00:00
v_Z6yzRXTKo,2023-06-15T00:21:11+00:00
VO_PAy3x5UU,2023-06-14T03:48:17+00:00
K-bZUgAZ4Cw,2023-06-13T11:47:09+00:00
T6oxQzdWjys,2023-06-13T11:44:35+00:00
DDEL83ZbBNg,2023-06-13T09:21:21+00:00
k_jknESj68E,2023-06-13T09:20:48+00:00
YEgmpe8nToU,2023-06-13T05:18:20+00:00
p3FsbF_Aito,2023-06-12T21:28:14+00:00
T_lC2O1oIew,2023-06-12T21:14:16+00:00
VGkaJyRXeus,2023-06-11T06:56:38+00:00
I324pVB9IYg,2023-06-11T06:20:14+00:00
CAzrOF8E28w,2023-06-11T06:16:10+00:00
CBbx5gBStlY,2023-06-11T04:37:44+00:00
GRo6YVN48lI,2023-06-10T15:39:21+00:00
qAda0otea5Y,2023-06-09T13:01:28+00:00
owCw1mn5YVg,2023-06-09T12:37:01+00:00
hIs5StN8J-0,2023-06-09T04:41:27+00:00
LU8uTl6QX_E,2023-06-09T03:53:18+00:00
pAVHCgcF3oA,2023-06-09T01:03:40+00:00
buANILN6asw,2023-06-08T20:10:39+00:00
G5vtKazI8Fg,2023-06-08T20:10:07+00:00
NrNyE4tD-BE,2023-06-08T17:48:20+00:00
vt34RyLUTFQ,2023-06-08T17:47:11+00:00
6PAC1xIp8kA,2023-06-08T16:16:51+00:00
WXy9DPkFscI,2023-06-08T15:49:07+00:00
ihyYjbxmYKE,2023-06-08T02:12:56+00:00
5jQQ77xDeaA,2023-06-08T02:04:47+00:00
mUQHGpxrz-8,2023-06-07T07:35:44+00:00
OFfYGoVstgc,2023-06-07T07:14:08+00:00
4pFAEbJwKjE,2023-06-07T02:36:31+00:00
uuooZZ9hEVo,2023-06-07T02:35:37+00:00
PQkhm-4fRLQ,2023-06-07T02:03:35+00:00
Iam0V994jBA,2023-06-07T01:32:35+00:00
fmmUXLO40Ro,2023-06-07T00:23:28+00:00
TyIMv55Hdwo,2023-06-06T15:30:17+00:00
Pk-9b5TcYyY,2023-06-06T15:22:16+00:00
lUxaibUSWSc,2023-06-06T15:20:13+00:00
JCSnRQbDvgY,2023-06-06T15:07:10+00:00
6zfTt_S2Rxo,2023-06-06T14:33:42+00:00
ZDFrXAaYDyc,2023-06-06T14:32:19+00:00
IETYYTMtL6U,2023-06-06T05:06:46+00:00
G_2mxMdA84M,2023-06-06T05:05:53+00:00
hGRXxygYqGY,2023-06-06T03:05:43+00:00
G6SYPkKm9Hs,2023-06-04T20:09:37+00:00
301JA2GGAJ4,2023-06-03T02:42:46+00:00
gMmSSBZ67aY,2023-06-02T04:21:22+00:00
6h5p9EkDK48,2023-06-02T03:53:09+00:00
LrTyV6eo1Gs,2023-06-02T03:51:21+00:00
2ZzdD-7tb_s,2023-06-02T03:50:29+00:00
 -zMxBqMIquQ,2023-06-02T03:49:27+00:00
J9JLen8TTJg,2023-06-02T02:31:41+00:00
P0rf3_viTxk,2023-06-02T02:31:24+00:00
xWV52oUuDvs,2023-06-02T02:29:18+00:00
5fxUrRQvoTU,2023-06-02T02:27:25+00:00
njZY5U4dJqI,2023-06-02T02:14:54+00:00
zliRjl8RiPY,2023-06-02T02:13:09+00:00
J7VkOhUPn-8,2023-06-02T02:10:01+00:00
dm9jbj2gX9k,2023-06-01T21:37:26+00:00
1qzoqx62L-M,2023-06-01T14:41:17+00:00
ZxfDXgJ9ml8,2023-05-31T23:35:55+00:00
GZyfqprbl6k,2023-05-31T23:33:25+00:00
YYjqcuQARMc,2023-05-31T17:38:23+00:00
mwBuhTZtDT0,2023-05-31T17:23:05+00:00
e_RKioBuNTo,2023-05-30T23:27:03+00:00
xvlRvVaMs8M,2023-05-30T03:26:22+00:00
vjRTINBivYA,2023-05-26T16:47:52+00:00
MoPsHWPIxp0,2023-05-24T17:47:09+00:00
fFFT6rYHCmc,2023-05-24T17:46:55+00:00
5wvi6AxBpWc,2023-05-24T16:19:05+00:00
dKdUrxCIitU,2023-05-23T14:08:10+00:00
ESddgZJqEJA,2023-05-23T01:16:21+00:00
N5WdihfG1mE,2023-05-22T18:31:55+00:00
lkg42QxDpcg,2023-05-22T18:25:19+00:00
_zpUZ_PoCJM,2023-05-22T10:45:03+00:00
uAS2F3S3tns,2023-05-22T10:41:26+00:00
i8CcmMXWmaA,2023-05-22T09:20:04+00:00
sd9z7lSCcRo,2023-05-20T08:32:23+00:00
TFl_eeQgflQ,2023-05-20T06:06:16+00:00
dNmS4T9_4oA,2023-05-20T04:42:42+00:00
wFP-htHmNBk,2023-05-19T06:35:59+00:00
Tf1-_4xnuEQ,2023-05-19T06:34:35+00:00
OGQR3Chf9hE,2023-05-19T00:57:12+00:00
fPp3Qh-GRqs,2023-05-19T00:46:35+00:00
E-5iIxUu8Nc,2023-05-18T18:27:47+00:00
SX7BYyV3lSc,2023-05-18T18:26:47+00:00
RCHTAu4In70,2023-05-18T18:26:12+00:00
dBQ4ag3mcws,2023-05-18T18:19:12+00:00
H38dAbXHFYM,2023-05-17T10:22:02+00:00
v0QWY2mUXFE,2023-05-17T09:18:42+00:00
fp2psphgAK4,2023-05-16T18:03:37+00:00
Wh25h7DCENM,2023-05-16T12:05:00+00:00
MVi_GBW23Ks,2023-05-16T09:13:24+00:00
i2tmpT742Lw,2023-05-16T03:14:47+00:00
kCxLHlT85zo,2023-05-15T18:58:15+00:00
vjRiLKSPbqc,2023-05-15T14:13:20+00:00
fZ57JF4t-x8,2023-05-14T08:03:05+00:00
noPUoRgGy0E,2023-05-12T10:08:13+00:00
3fQZZqBNLwU,2023-05-12T05:07:16+00:00
7QekdqD8hhA,2023-05-11T21:20:05+00:00
1ciAmuVc2fw,2023-05-11T03:58:47+00:00
PZQSfvorQ1c,2023-05-10T07:47:54+00:00
-0nKJoZY64A,2023-05-10T07:45:54+00:00
nJLb7-m-pAY,2023-05-10T07:44:56+00:00
uGuE20hKaDw,2023-05-10T07:43:51+00:00
7v8zxoEoA_Q,2023-05-10T07:42:53+00:00
KVd4HZ9KrX0,2023-05-10T05:02:45+00:00
KpuSaINYph4,2023-05-10T05:01:27+00:00
fd4vU7WztD4,2023-05-10T04:59:07+00:00
HzfWfYBEbrU,2023-05-10T04:33:43+00:00
oWz-Hfw4fnk,2023-05-10T03:46:34+00:00
dLMJhS3Z1Yo,2023-05-10T03:30:20+00:00
ScO3SrQhHAg,2023-05-09T10:55:32+00:00
So2YY2__la0,2023-05-09T10:50:19+00:00
47s7UcY7A3k,2023-05-08T07:53:56+00:00
Lq8qIdlTMh8,2023-05-08T03:00:01+00:00
jiC96wFKYn4,2023-05-05T10:01:32+00:00
iKHUqfnSXlA,2023-05-05T09:26:37+00:00
mVjHOp2SFfU,2023-05-05T07:32:45+00:00
guAaLN5YUyk,2023-05-05T06:07:23+00:00
rGO9in5epHw,2023-05-05T06:06:17+00:00
cb2w2m1JmCY,2023-05-05T06:02:16+00:00
5NVv8wg41-U,2023-05-04T23:19:54+00:00
TaIMqRU4vTU,2023-05-04T23:14:45+00:00
pGx1sLAspYg,2023-05-04T23:11:13+00:00
vuFkhhH6BJY,2023-05-03T22:07:16+00:00
GIOxsEP2yF0,2023-05-03T17:44:05+00:00
U9f-ldSziYU,2023-05-03T09:44:18+00:00
yNtG8bzaxPs,2023-05-03T09:25:34+00:00
sMQzeUfl0k4,2023-05-03T07:26:53+00:00
Ul946K80Xyc,2023-05-02T01:55:44+00:00
Qla_SjfkZHU,2023-05-01T17:04:51+00:00
hEqRXhHqyEc,2023-05-01T16:12:00+00:00
kZGXsiI3r-E,2023-05-01T15:59:31+00:00
TZD2nalw2c4,2023-05-01T13:39:53+00:00
jFWu-mANJm0,2023-05-01T06:37:53+00:00
HJMYPaSvJxc,2023-05-01T06:22:00+00:00
4TYv2PhG89A,2023-05-01T05:21:51+00:00
umoTVywIy_U,2023-05-01T04:46:56+00:00
ykx28YSR59s,2023-05-01T04:05:34+00:00
Fl4TIzwHnZA,2023-04-30T08:08:47+00:00
MNFzibJYRH0,2023-04-30T02:06:00+00:00
56q2Xci7Mm8,2023-04-29T19:33:09+00:00
WBqCskPEps4,2023-04-29T07:11:56+00:00
dBhEEQ1XoT0,2023-04-26T07:59:20+00:00
sCb01fguj1k,2023-04-26T06:21:24+00:00
sMHDkE9N9x0,2023-04-25T07:11:23+00:00
DR9fxubrC98,2023-04-25T06:15:33+00:00
jAtyq0js0HI,2023-04-24T07:31:38+00:00
ekOCpUUihMo,2023-04-24T04:41:55+00:00
OVgieD2ALf8,2023-04-23T06:06:48+00:00
gtNkHhCK2K4,2023-04-23T06:03:56+00:00
clE-hvcmsyY,2023-04-22T05:49:59+00:00
kDLZLuOl0W8,2023-04-21T21:03:06+00:00
ipomAu8GDc8,2023-04-21T21:02:48+00:00
3VHUpGxFJJ8,2023-04-21T10:16:00+00:00
mb6UlfDW-aM,2023-04-21T10:04:08+00:00
yfiH3UAtCVk,2023-04-20T23:56:19+00:00
HdatIl6E3OQ,2023-04-20T22:43:41+00:00
f2ktCsSVb94,2023-04-20T22:30:49+00:00
_OyG9Fho2pI,2023-04-20T22:29:02+00:00
Wn3RZrQ0Rqo,2023-04-20T22:08:51+00:00
oXCMIOuDo0U,2023-04-19T18:54:18+00:00
CzwhI5etwig,2023-04-19T10:48:55+00:00
BmMstnLgAq0,2023-04-19T10:41:47+00:00
Qr_bv0YeUZ4,2023-04-19T09:29:28+00:00
WuDfkytn148,2023-04-19T08:29:28+00:00
JSATqPxWmRc,2023-04-18T21:54:21+00:00
GPZYeLzDE-Y,2023-04-16T07:03:41+00:00
2ifQ2V5Rs5E,2023-04-14T08:10:16+00:00
3ZCfipAr1pU,2023-04-14T04:24:24+00:00
ucRuu9tHzeg,2023-04-13T05:23:11+00:00
ZWLjEnjrDlI,2023-04-13T04:08:25+00:00
pre5GTaBckM,2023-04-13T01:12:37+00:00
ceKK5D2yxs8,2023-04-13T00:45:11+00:00
RDHjeiys3a0,2023-04-13T00:27:55+00:00
FMrdcW6NfO4,2023-04-13T00:25:21+00:00
FsY--sUhPHo,2023-04-12T23:50:46+00:00
 -QMAlGAoiuQ,2023-04-12T13:33:43+00:00
H2GnmaUttCM,2023-04-12T13:02:18+00:00
qhKYJnKq3Bk,2023-04-12T12:55:23+00:00
79XmMnCS_S4,2023-04-12T09:38:06+00:00
Fx78Hx37c-w,2023-04-12T09:37:39+00:00
_jVoPOUGlM0,2023-04-12T06:33:41+00:00
Vy_HeH-pRfI,2023-04-12T05:07:58+00:00
DIF1pGsIRwE,2023-04-12T04:59:17+00:00
yMZLaEaiwSs,2023-04-11T14:56:10+00:00
Zd6AOwZ68Jc,2023-04-11T10:52:30+00:00
K2vjGGEnE6U,2023-04-11T04:09:01+00:00
WkPV51HtLfw,2023-04-11T03:42:39+00:00
5nmJWE2TA0Q,2023-04-11T03:41:35+00:00
H6d6MdXwKgY,2023-04-11T03:40:18+00:00
V83JR2IoI8k,2023-04-11T03:11:55+00:00
gPoiv0sZ4s4,2023-04-11T03:10:30+00:00
C2cMG33mWVY,2023-04-11T02:41:29+00:00
pe-GrRQz8pk,2023-04-06T10:37:22+00:00
INGihCYS1cU,2023-04-06T07:29:56+00:00
VYANWfJQE1k,2023-04-06T04:57:03+00:00
cdLuvGsjwlA,2023-04-06T04:05:05+00:00
qlFT1QGgu6Q,2023-04-05T06:09:26+00:00
Cd4wAPZwli4,2023-04-05T06:08:00+00:00
cYlYLU39wEM,2023-04-05T05:45:53+00:00
17nFejd7Zw8,2023-04-05T05:41:39+00:00
hApXl_Qsjm4,2023-04-05T05:39:22+00:00
EXndkQqosPY,2023-04-05T00:07:02+00:00
7nVmFlSV1ok,2023-04-04T22:19:08+00:00
1OI2RgtO65k,2023-04-04T19:26:47+00:00
gPybrOxRoT4,2023-04-03T15:12:44+00:00
ccqDfvfVrtM,2023-04-03T13:46:32+00:00
53b42lYxyso,2023-04-03T13:46:05+00:00
NK518lxDz78,2023-04-03T13:44:14+00:00
b1BqASvAJ0E,2023-04-03T13:43:15+00:00
poAb0MhEvmk,2023-04-03T13:42:41+00:00
0J_Ox2xi9Cc,2023-04-03T13:38:16+00:00
vx5Hl7jQ9xE,2023-04-03T13:22:39+00:00
nCLk_DuANz8,2023-04-03T13:08:37+00:00
yNkdWsFZOvE,2023-04-02T07:20:38+00:00
TuTvWObO0zU,2023-03-31T01:24:33+00:00
ONP-dcsCp98,2023-03-29T21:48:09+00:00
EMFWuGd7vSo,2023-03-29T19:06:57+00:00
5yBCzSPnZWk,2023-03-29T19:04:11+00:00
6jtFB0wcYxI,2023-03-29T19:03:33+00:00
anGdIyANsWk,2023-03-29T19:03:04+00:00
IGqgoLx6Oyc,2023-03-29T15:45:33+00:00
GbxNkVzzCjE,2023-03-29T15:43:38+00:00
qZN1lwjBXPQ,2023-03-29T15:39:52+00:00
NnrTa9RBXKw,2023-03-29T15:34:55+00:00
pdrzg3fZ1xo,2023-03-29T15:30:08+00:00
_EjiSKPzosQ,2023-03-29T07:41:54+00:00
0V8BcIY0t3o,2023-03-28T07:58:26+00:00
S37CQGHsnTE,2023-03-28T07:51:25+00:00
O-iw3yyLApQ,2023-03-28T06:29:41+00:00
MfqupIIP_DM,2023-03-28T06:28:31+00:00
ZZK5P2pKKgM,2023-03-27T12:11:03+00:00
bmD6_o_XZp4,2023-03-27T12:09:33+00:00
zGyw8vj2zpg,2023-03-27T10:30:37+00:00
XSXFCObuPaY,2023-03-27T10:28:57+00:00
2uLsiebEWW0,2023-03-27T10:26:15+00:00
srjvW1wO1bg,2023-03-27T09:46:43+00:00
9T5KK7wsRN0,2023-03-27T09:46:34+00:00
7OYmQ5BIbJA,2023-03-27T07:26:06+00:00
gxK4LYhCO3g,2023-03-27T06:53:55+00:00
uUT4MJlIg0o,2023-03-27T06:53:06+00:00
fQVLXkekxLE,2023-03-27T06:52:23+00:00
X-vSnrPAems,2023-03-27T04:54:20+00:00
9X_f5hhs98o,2023-03-25T20:19:40+00:00
5uzZu9HZBWA,2023-03-24T12:26:38+00:00
RpdOSbEJSqY,2023-03-24T10:09:08+00:00
SGl5HErXeXo,2023-03-24T05:59:51+00:00
M4NnV20WPMY,2023-03-24T05:15:47+00:00
qcutqlIoUV0,2023-03-23T19:07:16+00:00
o4gP8KHg-_o,2023-03-23T19:03:31+00:00
lgjpylrKtvM,2023-03-23T19:00:32+00:00
QDy03uPXUcI,2023-03-23T18:59:08+00:00
gOwapnJkOsc,2023-03-23T18:58:54+00:00
0Ue9igC7flI,2023-03-23T16:46:04+00:00
MK798RQKyCo,2023-03-23T16:45:19+00:00
Kprw8hxH5Qc,2023-03-23T16:44:40+00:00
iVynssKqO0U,2023-03-23T16:43:44+00:00
Ly5spSa40VE,2023-03-22T17:55:07+00:00
sr0IRjdQzlw,2023-03-22T17:52:30+00:00
2TQqee7ne2o,2023-03-21T21:58:10+00:00
abL--9pihnI,2023-03-21T16:15:17+00:00
mM9lpVIC_JQ,2023-03-21T05:39:03+00:00
uLTwJe2rMeQ,2023-03-21T03:03:48+00:00
7svjIWXY8Pk,2023-03-19T04:58:32+00:00
DbXRAK6WJtE,2023-03-18T22:09:32+00:00
NVIc_rE3ijw,2023-03-18T08:45:43+00:00
Qi93rIciDWU,2023-03-16T13:45:53+00:00
KDYvF6D6axc,2023-03-16T13:08:12+00:00
3rM96_RS1Os,2023-03-16T12:14:26+00:00
3G4NKzmfC-Q,2023-03-16T11:49:50+00:00
fCSEx_VG9_A,2023-03-16T11:38:53+00:00
EmHTJv5pjYo,2023-03-15T10:58:20+00:00
NUgqfFCt2LE,2023-03-15T10:45:10+00:00
OKpVmIAvGeI,2023-03-15T10:43:22+00:00
JAlt2NAfaYA,2023-03-15T10:25:57+00:00
t_5FQh2bXo8,2023-03-15T07:49:33+00:00
D_FcJcPN9k4,2023-03-14T22:26:01+00:00
8sAbzZjXLy8,2023-03-14T05:49:13+00:00
U-_gV8q1VUU,2023-03-10T08:57:26+00:00
Vr9XHsfEqVk,2023-03-10T03:12:35+00:00
uphf1rrFe0M,2023-03-09T09:14:53+00:00
I0SVtLT5XHI,2023-03-09T01:42:55+00:00
KkXMngiow7I,2023-03-09T00:52:21+00:00
SpercUbiL8M,2023-03-08T10:45:43+00:00
41CFmUZsBr4,2023-03-08T08:19:19+00:00
K6zd1r3SndI,2023-03-07T14:15:51+00:00
Wjo9faClvIw,2023-03-06T19:05:22+00:00
HzJt0NWh64Q,2023-03-06T17:55:23+00:00
8bM4P0Gn3dc,2023-03-06T17:20:49+00:00
6X9tBHX_Fl4,2023-03-05T23:12:11+00:00
GubZD0IfWvI,2023-03-05T23:09:38+00:00
o89JAKnUfVI,2023-03-05T00:09:06+00:00
95TVQkyR0zk,2023-03-04T06:10:38+00:00
yzLT6_TQmq8,2023-03-04T06:07:14+00:00
P6FF3-SWwsE,2023-03-04T06:04:10+00:00
_NEuvS2HV54,2023-03-03T15:15:02+00:00
FbjxquKXEJo,2023-03-01T09:56:53+00:00
DK5XMfoqKLg,2023-03-01T09:54:37+00:00
7rwRvw8ogxU,2023-02-28T11:19:33+00:00
70mIHjLr1gU,2023-02-28T11:06:03+00:00
OVZcDkJ3-bQ,2023-02-28T02:44:59+00:00
446YSeuIAn4,2023-02-27T03:36:38+00:00
_VTlaGREM7I,2023-02-25T07:42:52+00:00
V91s_d2b5mY,2023-02-24T19:20:49+00:00
qGvqtupf4xg,2023-02-24T08:22:20+00:00
DKD9bziy7Ng,2023-02-24T08:18:11+00:00
zyLem5clnfY,2023-02-24T06:58:15+00:00
z6_lyBOPnpw,2023-02-24T06:41:42+00:00
uf5UCFw-HzM,2023-02-24T06:33:57+00:00
5FsRNw2E3sk,2023-02-23T13:25:50+00:00
Z42epfm_9Ig,2023-02-23T13:03:04+00:00
JhBjD23F2r0,2023-02-23T00:53:49+00:00
StgXz5S8g48,2023-02-22T16:46:04+00:00
sCJu71JxmbE,2023-02-22T16:27:47+00:00
bRz7onQX__E,2023-02-22T16:26:47+00:00
kbl8t7WLgWc,2023-02-22T16:02:12+00:00
bzvillFwSb4,2023-02-21T08:01:53+00:00
zPplOJ7PcuU,2023-02-21T08:00:29+00:00
wN4UD-LyunI,2023-02-21T07:47:28+00:00
3EtSPUAFkeg,2023-02-21T07:21:45+00:00
6Da5Ri-P_GU,2023-02-21T07:18:26+00:00
vdn0k3Fkkls,2023-02-21T07:17:33+00:00
R8nZbu1wM3A,2023-02-21T07:14:00+00:00
0MDiqS63b94,2023-02-20T13:48:57+00:00
13m2fO7KTes,2023-02-18T17:43:22+00:00
H8FCHmikV_A,2023-02-18T17:43:11+00:00
4XjHanja7os,2023-02-18T04:33:01+00:00
qCjw054dWzo,2023-02-18T00:04:30+00:00
pikr6fQKiK8,2023-02-17T22:20:47+00:00
s3-WHo7a3sM,2023-02-17T22:19:13+00:00
9Ugo8wkdqtM,2023-02-17T04:05:05+00:00
zU3vif14A3g,2023-02-16T23:49:56+00:00
dbbtmskCRUY,2023-02-16T05:36:37+00:00
6X8lUc_TuHA,2023-02-16T05:31:55+00:00
styWiujxWzw,2023-02-16T05:24:09+00:00
D7lsJO3WOkA,2023-02-16T05:23:07+00:00
djV5-8eTh7Y,2023-02-16T05:22:44+00:00
olnLuhhCewI,2023-02-16T00:34:57+00:00
IxLG_OetaZY,2023-02-16T00:16:41+00:00
uzjYQuDPi9Q,2023-02-15T12:04:37+00:00
6IPWDQ8eRZU,2023-02-15T11:47:34+00:00
dvGEZS8fA7Q,2023-02-15T08:20:54+00:00
SrD_nYVq314,2023-02-15T05:01:42+00:00
gmmzn2N3fKo,2023-02-15T04:53:13+00:00
FOMwVo7TNVs,2023-02-14T14:39:02+00:00
hRQg9DCkkxs,2023-02-14T10:27:15+00:00
rdVwBFZZR-Y,2023-02-14T10:26:16+00:00
43hTa4QYnvw,2023-02-14T09:30:32+00:00
LTeamw_RkKc,2023-02-14T09:28:31+00:00
OEXimFK0bU8,2023-02-14T09:02:21+00:00
Kb3MzC_GoSI,2023-02-14T09:01:32+00:00
_BiMnduoOcE,2023-02-14T09:00:12+00:00
NDswc-q62Zs,2023-02-12T05:45:44+00:00
Gv41yzQal7c,2023-02-12T05:28:13+00:00
LuyKoTGgYWg,2023-02-11T04:10:21+00:00
DBakyJpkzIw,2023-02-10T23:48:20+00:00
OMRmjrfLvzw,2023-02-10T15:31:37+00:00
nRwWeSCTCUg,2023-02-10T13:22:05+00:00
dke1qtpH2Tk,2023-02-10T12:05:10+00:00
Tn0-6n_dng4,2023-02-10T01:52:00+00:00
iKr9wZpjBqE,2023-02-10T01:51:38+00:00
HblxKPpAfns,2023-02-09T17:31:15+00:00
l8KEU79785w,2023-02-09T14:01:37+00:00
IyT9LNAe_bE,2023-02-09T13:40:58+00:00
D0u-Z4_PhA0,2023-02-09T13:39:57+00:00
bJcO--JqBwQ,2023-02-09T09:27:06+00:00
c0Gy0GXP2Ug,2023-02-06T10:32:18+00:00
imMAAn1nsuY,2023-02-06T10:31:14+00:00
2jLyX7hqRNU,2023-02-06T09:00:29+00:00
BELTer83TE8,2023-02-06T04:27:50+00:00
O99QEYGPfsI,2023-02-05T19:08:12+00:00
m9TOOqf3n3s,2023-02-04T23:02:25+00:00
cEQBjl8MNls,2023-02-04T10:36:54+00:00
wJsxqq-goTg,2023-02-04T10:35:55+00:00
pfU3gsaGt_c,2023-02-04T10:35:00+00:00
OnbVcdj_FbA,2023-02-04T08:02:36+00:00
p-M_LBb5sn0,2023-02-04T06:42:35+00:00
FYvALGje3l4,2023-02-04T06:27:44+00:00
wv89UYcQ8-U,2023-02-04T06:08:04+00:00
FMmBwCSk6sw,2023-02-04T06:04:20+00:00
rpxgn01rwjE,2023-02-04T06:03:18+00:00
_cKcOdOzmbU,2023-02-04T06:03:02+00:00
lyfK2wOKmw4,2023-02-04T01:30:22+00:00
5oyyJN_vfmU,2023-02-04T01:28:37+00:00
Z5eqJGuxS3U,2023-02-03T19:21:45+00:00
YDk2RUaoEJQ,2023-02-03T05:07:16+00:00
1fdyyR4wets,2023-02-03T00:53:25+00:00
aBBAeA7BWvw,2023-02-03T00:52:21+00:00
gzwfVKPJkUE,2023-02-02T20:47:03+00:00
1j6_Wp-zO34,2023-02-02T20:24:25+00:00
w_EI-UyKyiU,2023-02-01T20:52:40+00:00
zGxL2uNr7bk,2023-01-31T17:43:23+00:00
vE6vWLMIrTk,2023-01-31T17:32:44+00:00
xh0d5tgdriQ,2023-01-31T17:09:06+00:00
gFRI-Ar5hTs,2023-01-31T16:04:31+00:00
_4Ua2c_N6vM,2023-01-31T12:11:35+00:00
PvrBdeK6zBI,2023-01-31T10:47:09+00:00
x-1F6v0YFOs,2023-01-30T23:32:18+00:00
UQoZjjAAkQs,2023-01-30T20:57:29+00:00
Qwjk8yM4ctE,2023-01-30T19:03:15+00:00
UIbSkw4yvec,2023-01-30T18:39:15+00:00
uPWoHRXrAJM,2023-01-30T18:34:44+00:00
bYekblDdLN0,2023-01-30T14:07:54+00:00
wj1DZeV3O5Y,2023-01-28T07:00:30+00:00
j9Peo3-qWws,2023-01-28T06:55:08+00:00
c1P8jDSsykc,2023-01-27T14:01:50+00:00
JU_38vHzmyo,2023-01-27T13:45:20+00:00
PeR1nESASiI,2023-01-27T10:47:45+00:00
YyknBTm_YyM,2023-01-27T10:42:46+00:00
Eb-soe-W_co,2023-01-27T10:37:34+00:00
Dm_aMChWWPk,2023-01-27T10:35:42+00:00
jYzLnTVnGgo,2023-01-27T10:31:08+00:00
i9CecK6GOnY,2023-01-27T10:28:18+00:00
z0A_Ik6TTn0,2023-01-27T10:23:46+00:00
uN8DPwUMa_U,2023-01-27T10:18:46+00:00
pJHHAXvx878,2023-01-27T10:17:00+00:00
WRkFfyCdzzs,2023-01-27T10:11:00+00:00
bZyVBVFnrm4,2023-01-27T09:18:39+00:00
Gbkeez2EY_E,2023-01-27T08:31:58+00:00
eOmL8f-yB40,2023-01-27T07:54:04+00:00
JXAVISpS4wM,2023-01-27T07:50:06+00:00
agMJD1fZ7fM,2023-01-27T06:08:41+00:00
zRkYENULSlc,2023-01-27T06:07:44+00:00
5ZaLhxgHrvM,2023-01-27T06:07:31+00:00
 -mCDK26EOGg,2023-01-27T05:51:56+00:00
0TaPPqzdzb4,2023-01-27T05:48:38+00:00
9Hn96uHkthU,2023-01-27T05:43:48+00:00
HUXfq2VqtVE,2023-01-27T05:40:34+00:00
pTVqfCPq_CE,2023-01-27T05:37:49+00:00
vixD-Q7huWc,2023-01-26T21:12:07+00:00
W6CJmJ5p3Ow,2023-01-26T16:13:21+00:00
ykDsmAqExH8,2023-01-26T16:12:28+00:00
KQRBOr4L-yk,2023-01-26T12:32:00+00:00
Sf9eZdeS8es,2023-01-26T11:46:32+00:00
DrY8gp9fhfE,2023-01-25T19:22:23+00:00
O2lxEVnhox0,2023-01-24T22:32:15+00:00
2AjBwaM1q_M,2023-01-24T19:45:50+00:00
em5tC6WDpP8,2023-01-24T19:37:56+00:00
OOGX-x9UlLs,2023-01-24T19:36:36+00:00
0WGVgfjnLqc,2023-01-24T19:34:54+00:00
cHTDkJ-bQqM,2023-01-24T19:33:36+00:00
3JN8o8-ZK5s,2023-01-24T19:30:53+00:00
0wxjb397lyk,2023-01-24T18:53:13+00:00
aXs0NnGN6Jc,2023-01-24T18:32:56+00:00
NzrE3AhY6KQ,2023-01-24T18:25:52+00:00
cSGpLto1yxU,2023-01-24T18:25:27+00:00
gb6XtyFNawM,2023-01-24T18:20:57+00:00
gsHYSs_qgmU,2023-01-24T18:16:55+00:00
dfqPJp7Q7qE,2023-01-24T18:11:01+00:00
GXrJVloID8k,2023-01-24T17:30:57+00:00
S8EykQaZ8CU,2023-01-24T17:28:24+00:00
5UjZ5d9Q4xA,2023-01-24T10:20:01+00:00
oKrCmj22XUo,2023-01-24T06:41:51+00:00
i0xOSxgs6w8,2023-01-24T06:38:10+00:00
mZ1PnBER7So,2023-01-24T06:35:10+00:00
S4nwKLxEboo,2023-01-24T06:32:18+00:00
bsqLi9LfiwM,2023-01-24T06:31:46+00:00
YsGjFh1ke44,2023-01-24T06:19:49+00:00
ZUg6yzKrRXo,2023-01-24T06:17:00+00:00
P7jeqAyYZME,2023-01-24T06:15:24+00:00
hkHF0xvQOok,2023-01-24T06:15:11+00:00
0nxGzQdOIxs,2023-01-24T06:15:02+00:00
3QSUlRRnUZ8,2023-01-24T06:12:40+00:00
SolYdL5tcag,2023-01-24T06:11:33+00:00
lSQ-6xU8mPA,2023-01-24T06:08:04+00:00
0P6jYLXhnmg,2023-01-24T05:37:31+00:00
P6I6yr7WDeg,2023-01-23T21:30:42+00:00
l9z6p-BDFmw,2023-01-23T20:45:21+00:00
GLKrt1OW3rs,2023-01-23T11:37:02+00:00
ShIYpjSYoZI,2023-01-23T11:01:50+00:00
mF3pRUOgZ3A,2023-01-23T10:08:01+00:00
SmnzdvHpMLQ,2023-01-23T04:44:07+00:00
w0m5wa5kKBc,2023-01-22T21:12:10+00:00
PmzxG9kdZhM,2023-01-22T20:05:50+00:00
9Q6YJ-r5SQs,2023-01-22T20:05:31+00:00
B3BQbVPL9Fo,2023-01-22T20:04:13+00:00
9J3lwZjHenA,2023-01-22T20:03:27+00:00
Zb3TgyF1Zbc,2023-01-22T20:02:16+00:00
FZ4jMSCBswY,2023-01-22T19:18:59+00:00
8gGHSIrPSOM,2023-01-22T19:18:24+00:00
HCBN7lyLT4w,2023-01-22T19:12:47+00:00
PuzRbxU1X1Q,2023-01-22T15:08:02+00:00
fSFX4n_krgY,2023-01-22T06:59:35+00:00
nMuhW4cXiJU,2023-01-22T00:42:06+00:00
pVEcJnlHUMM,2023-01-22T00:24:02+00:00
7CnElTjLsJo,2023-01-22T00:22:28+00:00
LplQmmYC2wI,2023-01-21T16:26:49+00:00
lldv3-wW3k8,2023-01-20T18:24:07+00:00
a2ANZVIYr4U,2023-01-20T06:23:46+00:00
HtVgWzXGvj4,2023-01-20T06:23:08+00:00
aFLoQMvwnyo,2023-01-20T02:26:33+00:00
de04VeKK97Q,2023-01-19T08:09:41+00:00
kpjAK2mhvxc,2023-01-19T08:08:20+00:00
MVt0yvme0f4,2023-01-19T03:28:57+00:00
sSeJtcJ-uOA,2023-01-19T03:28:04+00:00
XYclWyC4qQo,2023-01-19T02:42:54+00:00
fK9hK82r-AM,2023-01-19T02:37:31+00:00
1bYwfDaJFRA,2023-01-18T05:04:13+00:00
WjGBXw2lCb8,2023-01-17T09:26:41+00:00
CQWITmHLlvg,2023-01-16T01:13:37+00:00
c3_aM_s0R1U,2023-01-14T23:50:07+00:00
okQRnHvw3is,2023-01-14T17:23:12+00:00
cwXPPGQQW1k,2023-01-14T12:41:54+00:00
utEzRXtjFiw,2023-01-14T12:04:16+00:00
8AnSJRCVx2g,2023-01-14T10:11:01+00:00
 -bn9FFIwQFs,2023-01-14T04:21:58+00:00
klQY_X1clMs,2023-01-14T02:03:34+00:00
5GLm9lKZpx0,2023-01-13T19:50:34+00:00
001BSuesZAs,2023-01-13T17:46:09+00:00
NIdRI7pat5Q,2023-01-13T11:14:34+00:00
DnDDiPWPqMY,2023-01-13T10:07:55+00:00
MjND_0fnesM,2023-01-12T10:46:59+00:00
rrZwKmcYvic,2023-01-12T06:37:36+00:00
L18b3UQQ49I,2023-01-11T20:09:26+00:00
P2hcB4oxSkM,2023-01-11T20:05:23+00:00
WEhS9Y9HYjU,2023-01-11T17:57:35+00:00
Ye4CFko5llc,2023-01-11T17:46:54+00:00
7mtpV3wl0Cc,2023-01-11T13:57:22+00:00
daj5NRqVALM,2023-01-11T07:30:08+00:00
lzdIz_LpD_I,2023-01-11T07:29:38+00:00
zJxTFUwRC9o,2023-01-10T18:06:16+00:00
cqOmfhmsRZw,2023-01-10T17:29:23+00:00
ZVue-QsxuzA,2023-01-10T17:18:38+00:00
vD3il7dPe3c,2023-01-10T16:13:39+00:00
gA-qLdFtamM,2023-01-10T16:11:08+00:00
3btlQdvT3hs,2023-01-10T16:10:20+00:00
tWoFaPwbzqE,2023-01-10T11:59:57+00:00
6ty1IV720a8,2023-01-10T06:52:09+00:00
Igx0OnrmbTU,2023-01-09T14:54:32+00:00
erD1Yy-4F5M,2023-01-09T06:05:56+00:00
iYr7z1RYgaM,2023-01-08T09:22:42+00:00
X840Bp3NKEk,2023-01-08T08:01:06+00:00
GjXBKR4iDS8,2023-01-07T23:43:22+00:00
RthuLePDo3A,2023-01-07T04:20:09+00:00
cfBGcMgXI6A,2023-01-06T20:47:02+00:00
G7J0SvmhScM,2023-01-06T20:25:52+00:00
6j61TVbCj_w,2023-01-06T20:24:17+00:00
5QmoIKQZX8Y,2023-01-06T18:53:38+00:00
k8JwihcysWo,2023-01-06T06:18:06+00:00
bG-Nm8IG6rc,2023-01-05T16:20:28+00:00
xxnGHYsRM1U,2023-01-05T16:19:52+00:00
MyCreufWpNo,2023-01-05T14:01:16+00:00
9NpRttZ2XNc,2023-01-05T13:26:53+00:00
Or_B-nojNrY,2023-01-05T13:23:32+00:00
plelKRwo6zM,2023-01-05T13:18:59+00:00
mNFrG6_Zr9s,2023-01-05T13:15:34+00:00
I18Tgtngjyc,2023-01-05T13:06:17+00:00
6ud7sHucI5c,2023-01-05T07:10:46+00:00
0-m4q_TAbto,2023-01-04T15:49:47+00:00
y6HTkmXtoqY,2023-01-01T12:35:41+00:00
ZAHgL5qtxTM,2023-01-01T12:22:35+00:00
hs2BU_7hU4M,2022-12-31T10:21:36+00:00
yA5iumIHw6o,2022-12-31T10:11:47+00:00
HnDNVAHU9aY,2022-12-31T09:47:43+00:00
dZ2Yvo50K4Q,2022-12-30T18:25:20+00:00
81B74zIbTlU,2022-12-30T18:25:14+00:00
a7raSBFBCRM,2022-12-30T11:46:24+00:00
FokNMWPEgto,2022-12-30T08:57:53+00:00
SWM4MOjhlw4,2022-12-29T23:10:33+00:00
hInt4FcM2cc,2022-12-29T02:09:58+00:00
3dLxy4jn_vI,2022-12-27T22:26:31+00:00
QVs5EYngDno,2022-12-27T05:49:36+00:00
527Bb9IGZUE,2022-12-27T04:23:38+00:00
VUSfrgPQjRM,2022-12-27T03:48:39+00:00
zOAL-G3AOVk,2022-12-27T01:44:14+00:00
cZDPwcrI5mo,2022-12-27T01:34:37+00:00
c2xPFk3nhCA,2022-12-27T00:17:39+00:00
1lgFHJQJ5WQ,2022-12-26T23:44:42+00:00
vjgE1c3obkY,2022-12-26T00:14:58+00:00
WuLovENmc3k,2022-12-25T23:47:23+00:00
I6wLreAsgpQ,2022-12-25T23:44:05+00:00
7HKrhTAQ0SY,2022-12-25T23:42:50+00:00
Vrlk69Fmp_8,2022-12-25T23:41:48+00:00
ZY-B9b6OjSI,2022-12-25T02:39:06+00:00
OOBugkedB_Y,2022-12-24T21:38:42+00:00
sJs1iI6xl-U,2022-12-24T20:11:33+00:00
bRjKo0QEIuI,2022-12-24T13:27:04+00:00
YOZmlYgYzG4,2022-12-23T23:12:09+00:00
RGk5LgQOMpU,2022-12-23T21:52:34+00:00
QR9LOpf4UDk,2022-12-23T21:52:12+00:00
alkR7e14xUg,2022-12-22T06:18:11+00:00
ptlQNy9hILY,2022-12-22T04:35:35+00:00
1CGUa6-Ltks,2022-12-22T04:27:06+00:00
j5lf6RNBVJ4,2022-12-22T04:21:27+00:00
VBcbQQ4xoxg,2022-12-21T23:43:10+00:00
bYS2EUbD1PU,2022-12-21T22:36:52+00:00
Vvio6xC4OUk,2022-12-21T22:20:15+00:00
N_2rEqTd7uQ,2022-12-21T19:25:59+00:00
Tsng-XrlOvc,2022-12-21T17:38:04+00:00
QQ45pJwyO9o,2022-12-21T16:21:12+00:00
eUQ3FNKvnqg,2022-12-21T16:20:12+00:00
zsSsl69aa0M,2022-12-21T16:20:00+00:00
IzZEPj0Ay0U,2022-12-21T16:19:21+00:00
Q-ATDBgDbLE,2022-12-21T14:52:29+00:00
RsWR1NYbl58,2022-12-21T14:49:46+00:00
KLLIfC8YmXg,2022-12-21T13:50:43+00:00
TfKrxELm4ug,2022-12-21T05:52:32+00:00
aBlfRWieKpg,2022-12-20T22:35:00+00:00
ar7u5IzdR0g,2022-12-20T20:50:37+00:00
pf6BEE5RivY,2022-12-20T17:24:46+00:00
G01LbHqK56Q,2022-12-20T07:08:22+00:00
D1eEmNp_xZs,2022-12-20T03:06:56+00:00
miUKO5g0ONk,2022-12-20T03:06:36+00:00
_4XEA2C8Uuc,2022-12-19T07:01:15+00:00
APaBsDLIm_w,2022-12-19T04:11:20+00:00
HcMJvdGkPLc,2022-12-17T22:12:36+00:00
i7XqkCIL6yE,2022-12-17T04:17:53+00:00
4Diu2N8TGKA,2022-12-17T00:46:22+00:00
aeTkzRgf6v8,2022-12-16T06:11:10+00:00
fl6kVK-B3OQ,2022-12-16T06:10:52+00:00
b4wOGDNN3VA,2022-12-15T23:21:10+00:00
KRZuxaKlXkg,2022-12-15T18:08:12+00:00
cRakv5LYIO4,2022-12-15T07:31:03+00:00
6tyUzAGQxGw,2022-12-14T07:30:46+00:00
8Bbx04wRtSo,2022-12-14T00:17:27+00:00
MVL_EHMdrws,2022-12-14T00:15:24+00:00
k1RSdchvYxE,2022-12-13T08:19:55+00:00
mGQLXRTl3Z0,2022-12-13T07:29:14+00:00
wbFiXhhP638,2022-12-13T07:28:08+00:00
SAG19VYxB9c,2022-12-12T22:28:11+00:00
HD3J50Hj7XY,2022-12-12T04:58:08+00:00
Zkx1vgl7RbU,2022-12-11T15:13:37+00:00
f91ahnOhC-U,2022-12-11T14:50:45+00:00
6O6Nme3fw5k,2022-12-10T19:28:05+00:00
TKoq4KOHUEU,2022-12-10T10:36:14+00:00
Y32b3Gxr0Qw,2022-12-09T21:21:12+00:00
HhgTKnXZLIU,2022-12-09T15:38:25+00:00
1O4-RCjwal0,2022-12-09T15:32:39+00:00
aC00oVFxYAg,2022-12-09T14:41:32+00:00
LevDtrDsLhg,2022-12-06T20:31:47+00:00
33zT4HgJzDw,2022-12-05T14:34:59+00:00
fGeDqtMYzfU,2022-12-05T12:01:20+00:00
60dMjc9M2kg,2022-12-05T07:38:14+00:00
tVWp7ltx-ls,2022-12-05T07:32:29+00:00
 -PfNfp44puk,2022-12-04T20:50:40+00:00
Uby1iMtfuCM,2022-12-04T03:04:05+00:00
80gF22NZ8PI,2022-12-03T18:06:00+00:00
tuudYlKpyJ4,2022-12-03T18:05:04+00:00
l47eFIYsRf4,2022-12-02T11:22:23+00:00
dmh3ubvJTaY,2022-12-02T11:04:02+00:00
E05J6zTTOgE,2022-12-02T06:52:01+00:00
TLpaRZQzlE0,2022-12-02T06:47:18+00:00
ZC-q5ye9Wmk,2022-12-02T06:45:44+00:00
8Niu1uia078,2022-12-02T03:03:24+00:00
BnjIen00_nE,2022-12-02T02:38:52+00:00
VdQY7BusJNU,2022-12-01T12:57:01+00:00
5dFceiCR8sU,2022-12-01T11:55:15+00:00
_9Wx8BRjzoI,2022-11-30T18:59:59+00:00
Pzz1dbG2H9s,2022-11-30T17:07:35+00:00
kdehpKGVKIE,2022-11-30T15:44:16+00:00
PLxGbDF1pDc,2022-11-30T09:38:15+00:00
q9G8uYEzV_c,2022-11-30T04:36:05+00:00
wr6vSdhxJIE,2022-11-29T13:02:51+00:00
m726TF817wc,2022-11-29T12:14:26+00:00
EhhiJfVoROk,2022-11-29T11:59:40+00:00
fTtVAbvH-3k,2022-11-29T11:58:19+00:00
fsFmom-m7c8,2022-11-29T10:26:01+00:00
N2YvhEv7ykM,2022-11-29T05:57:11+00:00
Ug0gCyJWrYw,2022-11-29T05:40:42+00:00
emrMoVfkUJo,2022-11-29T04:39:07+00:00
f7TtpHre_Zk,2022-11-28T22:30:29+00:00
njdTB6HxTj8,2022-11-28T20:34:44+00:00
NK7wtEMChxw,2022-11-28T13:51:34+00:00
qoq1WX577aU,2022-11-28T13:32:26+00:00
L_jgIezosVA,2022-11-28T13:30:05+00:00
Fmi5zHg4QSM,2022-11-28T13:18:15+00:00
vjYysSC_BSU,2022-11-28T13:15:13+00:00
OKm5Enseftg,2022-11-28T13:02:34+00:00
H9wacG0o6jY,2022-11-28T12:49:48+00:00
O-iFgieitho,2022-11-28T08:50:04+00:00
04JzNEqBpSo,2022-11-28T08:43:06+00:00
B9nG1kivJQE,2022-11-28T08:26:37+00:00
SDz1nFmyTXo,2022-11-28T07:32:35+00:00
2VN8zH366M8,2022-11-28T01:40:53+00:00
UdUThLpuBJ4,2022-11-28T01:22:55+00:00
NFjmWI-d6d4,2022-11-27T21:54:59+00:00
_krJMxZfZcQ,2022-11-27T14:15:52+00:00
Ob3h1jumJFw,2022-11-27T07:55:17+00:00
bSPkkNHCd5w,2022-11-27T06:18:16+00:00
63mQ5zSPzPY,2022-11-26T15:24:57+00:00
mBou27s0KRo,2022-11-23T08:35:22+00:00
azrcBubb5fk,2022-11-23T08:26:21+00:00
3V887J8XE6M,2022-11-23T08:22:41+00:00
 -RvVvgExrKg,2022-11-23T08:21:40+00:00
l_w5F5VODxU,2022-11-23T08:05:52+00:00
FtnYbqGCuW8,2022-11-23T08:05:05+00:00
hfZQG6EW94s,2022-11-23T07:04:11+00:00
mCLd_j-Hi9M,2022-11-23T06:46:14+00:00
wjaG3ZVKnR0,2022-11-23T03:58:34+00:00
3-CmFbO7wkA,2022-11-22T11:05:26+00:00
s5tuB5Rx9xc,2022-11-22T10:23:14+00:00
xf7T6dt9rUU,2022-11-22T00:34:00+00:00
Lxjcxo7LdBI,2022-11-21T21:28:14+00:00
ySjsadhmnNI,2022-11-21T13:47:51+00:00
EKxohZRSL1g,2022-11-21T13:43:07+00:00
R-YcnPXY2yE,2022-11-21T13:30:14+00:00
8SiqQdPsNO4,2022-11-21T13:27:34+00:00
xwxs6gShl3o,2022-11-21T13:22:41+00:00
rPwXETYFfWo,2022-11-21T13:14:24+00:00
eyioFWuNPXg,2022-11-21T13:11:53+00:00
UnF1RZg9i7A,2022-11-21T13:09:24+00:00
pkxXFLRmqvw,2022-11-21T11:07:48+00:00
BFKbsOX7iyk,2022-11-21T10:57:49+00:00
gNBDJNHeZmo,2022-11-21T10:56:07+00:00
iUGRFNofqKY,2022-11-21T10:53:07+00:00
BzajErW1Ek0,2022-11-21T03:51:52+00:00
TAIJTm3tKX0,2022-11-21T03:49:20+00:00
n7KGFN3Yv2g,2022-11-21T01:02:28+00:00
5zYM1mdasj0,2022-11-20T22:44:35+00:00
A7AyanDWB8I,2022-11-20T21:33:33+00:00
ZykyIf9izrk,2022-11-20T13:07:26+00:00
pUiAhclmvfE,2022-11-20T04:56:06+00:00
GV_UJbQsq68,2022-11-19T21:53:47+00:00
VGhSGp0cyZ0,2022-11-19T21:53:12+00:00
_76_5G4Rz-s,2022-11-19T21:51:50+00:00
syiEwpcIPWI,2022-11-19T21:49:58+00:00
Hvlv5qrhDUM,2022-11-19T17:56:53+00:00
gHF3Q_Y7F70,2022-11-19T06:02:04+00:00
SOHama2AY0Q,2022-11-18T07:31:37+00:00
LDXudW7YrEA,2022-11-18T06:23:07+00:00
7ROGtyOqqbo,2022-11-18T04:28:41+00:00
jxKi7QUKXCs,2022-11-18T04:28:18+00:00
w4X7lSMd7Ok,2022-11-17T08:30:15+00:00
6OH1xGdHkB0,2022-11-17T05:46:04+00:00
33QPDhhyMxw,2022-11-17T02:34:52+00:00
1wO_dCDehbQ,2022-11-17T01:59:18+00:00
k0vFOax7ZeU,2022-11-16T22:54:20+00:00
TbEv4EyTsM0,2022-11-15T05:50:50+00:00
dqjX4molZno,2022-11-15T04:34:50+00:00
0vfU4cmdx-s,2022-11-15T03:28:13+00:00
m7p9kX6hFCk,2022-11-14T22:25:47+00:00
otwkrRLRkXQ,2022-11-14T09:13:50+00:00
KQBoeBgb0uk,2022-11-14T08:28:31+00:00
Em2ffoAKnRU,2022-11-13T22:46:50+00:00
jQkhNmc3Cz4,2022-11-13T22:45:17+00:00
YQns6GuS6wY,2022-11-13T22:43:47+00:00
t3217H8JppI,2022-11-13T16:31:23+00:00
o3CqVgv_PFs,2022-11-13T13:27:03+00:00
7W1tRXL8zDE,2022-11-13T13:16:18+00:00
DxtAHpYIXdU,2022-11-13T13:14:30+00:00
YMacw466pfE,2022-11-13T13:13:56+00:00
NSkboTTTmpg,2022-11-13T05:18:32+00:00
8NwKPegV1lE,2022-11-12T08:45:26+00:00
0T3tg6Xwt7A,2022-11-12T00:42:07+00:00
IBewJxnJsqU,2022-11-11T22:34:18+00:00
7Q7Qm6kahWg,2022-11-11T21:12:25+00:00
G2k4sh8XfPo,2022-11-11T06:39:55+00:00
MP7oatLydC0,2022-11-11T06:37:16+00:00
ZYY6DhNGJAk,2022-11-11T06:34:33+00:00
khL3AVmPj24,2022-11-11T06:24:41+00:00
i-mgZm-E8wo,2022-11-11T05:14:37+00:00
dzR-c4ELTOs,2022-11-11T00:12:18+00:00
F96BHKaoosM,2022-11-10T23:00:27+00:00
QO9VYfDrcqM,2022-11-10T08:15:10+00:00
HmSNufuZuo8,2022-11-10T08:14:30+00:00
Ht30HqwXoxA,2022-11-10T08:10:08+00:00
tC8hO1rchh0,2022-11-10T08:09:15+00:00
ezALVOcVlEc,2022-11-10T08:05:14+00:00
jJ130s7BiSM,2022-11-10T00:24:09+00:00
2v191-fg0LI,2022-11-09T08:59:10+00:00
27AMXHKmEeU,2022-11-07T23:10:19+00:00
bbWeLcP-cxU,2022-11-07T22:14:02+00:00
oVExTAvgxOs,2022-11-07T21:06:12+00:00
BZkiwdxbJBk,2022-11-07T14:44:22+00:00
oG8T8twoVhg,2022-11-07T13:33:18+00:00
sf4OVI7r8kM,2022-11-07T13:14:53+00:00
gt5plt5vayg,2022-11-07T11:07:11+00:00
wG0pmICfH7o,2022-11-07T06:59:17+00:00
myRc-3oF1d0,2022-11-07T06:07:44+00:00
ahxAdbf-dMg,2022-11-06T13:46:45+00:00
CrfjXeyJKI8,2022-11-05T14:19:15+00:00
ZpLtqLc3DT0,2022-11-05T12:02:56+00:00
SgSNgzA37To,2022-11-04T10:34:50+00:00
TI5PYKBZZr0,2022-11-04T07:55:55+00:00
CcHz_cjeqRU,2022-11-04T07:51:43+00:00
0TbwNDhdOWU,2022-11-04T07:15:24+00:00
GtfZbj4J71A,2022-11-04T05:47:27+00:00
yIKn4hz0A7I,2022-11-03T17:50:17+00:00
mJ9pnzYzvBI,2022-11-03T13:22:54+00:00
xT3SnR1bcGo,2022-11-03T13:16:16+00:00
eOMro8HCxgY,2022-11-03T13:15:19+00:00
EfjEDZYf2aM,2022-11-03T13:14:05+00:00
8vwOjlh2buE,2022-11-03T12:13:51+00:00
SeVezYX1m6M,2022-11-03T12:12:24+00:00
Tdg-DT8rTUQ,2022-11-02T22:11:48+00:00
J-6TbewMNxU,2022-11-02T04:47:38+00:00
6RNlyTyDguI,2022-11-02T04:09:05+00:00
euTq23FnfHA,2022-11-02T02:57:31+00:00
iXU8EXL7a_4,2022-11-02T02:30:16+00:00
k8jrfy42xiw,2022-11-01T08:54:02+00:00
PjOWJOKzVz0,2022-11-01T08:29:17+00:00
n_pLleIU41A,2022-11-01T04:55:12+00:00
4jVh5cZ_ZvM,2022-10-31T19:07:23+00:00
rhL2qQKE4CU,2022-10-31T16:29:56+00:00
y6EX3t2Mdnw,2022-10-31T15:54:49+00:00
1_9VQpaf1Rg,2022-10-31T14:29:29+00:00
Y9Io-80f82U,2022-10-31T14:28:21+00:00
sKAM5FjeHps,2022-10-31T13:19:20+00:00
cJOW5mlhH_Y,2022-10-30T21:31:31+00:00
5b4-rXhKpMM,2022-10-30T10:55:44+00:00
yJ1hx88nz9M,2022-10-29T12:47:24+00:00
pCpua4dvUXs,2022-10-29T11:34:39+00:00
b2U0Wr6Si4M,2022-10-28T22:10:03+00:00
c4tEbm6qQUs,2022-10-28T22:04:50+00:00
ZeMhlMlYcQw,2022-10-28T22:00:01+00:00
uBzhPBc4M8w,2022-10-28T20:23:53+00:00
Ts9y5-nfoQ8,2022-10-28T03:50:11+00:00
kr8oRpA2SpE,2022-10-28T03:33:07+00:00
eauUF6ffj98,2022-10-28T02:52:31+00:00
RP0_8J7uxhs,2022-10-28T02:35:14+00:00
SFzMs2SN--s,2022-10-28T02:33:49+00:00
 -iVR7WLsvAg,2022-10-28T02:05:19+00:00
GUsRayHfmm0,2022-10-28T01:47:07+00:00
HofoFYxqIgU,2022-10-27T22:25:43+00:00
BdCTYLdaBfQ,2022-10-27T20:52:39+00:00
d0bOvrbetGA,2022-10-27T19:53:15+00:00
R_5AwR27wj4,2022-10-27T19:11:13+00:00
ckTHBFMjgvg,2022-10-27T18:26:11+00:00
VU1CZWEzQDA,2022-10-27T16:41:41+00:00
ZfmLK6Xc8a8,2022-10-27T14:45:01+00:00
4jTp9A7xmsU,2022-10-27T12:22:05+00:00
PhIrWtrKgDQ,2022-10-27T12:05:42+00:00
v8uYviDz5RA,2022-10-27T02:41:16+00:00
IMX9XIs9V04,2022-10-27T01:53:48+00:00
XAEtoYxuDMw,2022-10-26T16:13:04+00:00
6Jw_-9OY00o,2022-10-26T12:32:07+00:00
75yTPix7Ai4,2022-10-26T12:30:23+00:00
MtOFwI1dkXo,2022-10-26T11:56:05+00:00
hZEwuH84FLs,2022-10-26T05:47:47+00:00
aJ6cf3GhRbw,2022-10-26T02:32:30+00:00
zAc5C2E3Xf4,2022-10-26T01:38:03+00:00
hHMYhajNtNg,2022-10-25T02:44:40+00:00
Qp2-CbwJ8uU,2022-10-25T02:39:40+00:00
cUnVNzeVPpI,2022-10-24T18:45:52+00:00
HJowxDZuArI,2022-10-23T22:18:14+00:00
IsmFUqLdGCE,2022-10-22T23:20:22+00:00
pI9Bo5I0KfA,2022-10-22T03:19:00+00:00
8ng6N5oXZ9M,2022-10-20T11:15:30+00:00
FInHqf0qpWI,2022-10-20T10:34:03+00:00
dn1dRA1-t7k,2022-10-20T10:27:26+00:00
VAuTouBhN5k,2022-10-20T00:45:12+00:00
WMxvDG1Ixiw,2022-10-19T23:01:26+00:00
10bNZuTSeH8,2022-10-19T04:09:17+00:00
zXqQtFCJm64,2022-10-19T02:25:29+00:00
-47PPaq0ZAs,2022-10-18T22:03:41+00:00
Z2yzYOSwGfU,2022-10-18T21:19:17+00:00
NKMs8-DS_-E,2022-10-18T15:10:37+00:00
d_7_XhF3mpc,2022-10-18T14:00:46+00:00
4qYqkAV7Xxw,2022-10-17T16:30:07+00:00
Ea6PxZ6G1pQ,2022-10-17T16:28:31+00:00
GJS0plVcSQw,2022-10-17T03:24:46+00:00
4NB22gpq83o,2022-10-17T02:18:51+00:00
Qa1oz2EztI4,2022-10-17T01:44:12+00:00
8FcWW-fMt90,2022-10-16T19:17:16+00:00
5Fppp8YJ80I,2022-10-16T19:17:07+00:00
Rd0w5uMA_L8,2022-10-16T17:33:42+00:00
Nl9_nrbyQPU,2022-10-16T14:38:21+00:00
ITbwOXBEk88,2022-10-16T11:53:17+00:00
iHBrqmsrCaY,2022-10-16T11:52:58+00:00
SzteEyQJb1o,2022-10-16T11:52:48+00:00
srK1TlIT82c,2022-10-16T11:52:30+00:00
okUVzB8K7RA,2022-10-16T06:27:44+00:00
5b1rIALf0zo,2022-10-16T02:02:28+00:00
37kaymgFkUI,2022-10-16T01:51:19+00:00
jX6Fd5B5lbQ,2022-10-16T01:40:22+00:00
KrI2bcAG2A8,2022-10-16T01:18:37+00:00
lOLeNeoe4WI,2022-10-16T01:16:20+00:00
a3ir9HC9vYg,2022-10-15T20:37:59+00:00
xd4WYhJOFNE,2022-10-13T02:02:40+00:00
bAi65Fmbn0A,2022-10-13T02:01:42+00:00
ZyVurQY8Ab0,2022-10-13T01:28:14+00:00
Jt1HnKB5WEc,2022-10-12T15:21:11+00:00
dXcWVm-dnRU,2022-10-12T15:18:04+00:00
7cuUvzKzqsY,2022-10-12T15:10:23+00:00
Wkt8T38aaMw,2022-10-12T14:24:09+00:00
fQ9Y0oS0lyo,2022-10-12T13:38:47+00:00
8hLLL6gyUvg,2022-10-12T13:37:36+00:00
cjjJYliydx4,2022-10-12T13:02:39+00:00
yxtHh94tMPU,2022-10-12T12:40:20+00:00
RsMaVzSWCEQ,2022-10-12T12:20:09+00:00
ILsmVP0ZtrU,2022-10-12T05:45:00+00:00
aGm3eun7xzM,2022-10-12T02:58:07+00:00
b2phH9uVrQ4,2022-10-11T16:10:42+00:00
uRz3AQx21y8,2022-10-11T16:08:16+00:00
zP0CxLm6gac,2022-10-11T14:49:09+00:00
txBOZ0129gM,2022-10-11T09:38:15+00:00
WKdZxkrq-eQ,2022-10-10T21:29:17+00:00
pHl4QmOT9IA,2022-10-10T19:04:32+00:00
7RvzqagIfB8,2022-10-10T17:30:56+00:00
xKch6Hg4yP0,2022-10-10T17:30:09+00:00
28t_ojI4TJM,2022-10-10T16:25:45+00:00
nCFDXb2B-aY,2022-10-10T01:50:30+00:00
yFnLVfkfXA4,2022-10-08T22:23:55+00:00
soIJOWjFUPU,2022-10-08T14:53:50+00:00
EWtUVsb6qdE,2022-10-08T14:43:48+00:00
k8jrfy42xiw,2022-10-08T10:28:13+00:00
u9Z0kSct8KQ,2022-10-07T23:26:11+00:00
GmIPIl7G-v8,2022-10-07T22:13:29+00:00
eb36JID2jRA,2022-10-07T12:56:10+00:00
Ynky7qoPnUU,2022-10-06T22:24:11+00:00
Po5fMKeHP0E,2022-10-06T22:23:47+00:00
_5c4rEAQRQA,2022-10-06T22:22:53+00:00
y_0PwUVKvMw,2022-10-06T22:22:14+00:00
ZUZhdbdQ9dU,2022-10-06T06:03:07+00:00
i6Ae3ez2QFk,2022-10-06T06:00:32+00:00
nT5ivdEon18,2022-10-06T04:09:25+00:00
0oM_qYJEFUg,2022-10-06T00:33:13+00:00
Mj6u7eGwIQ0,2022-10-05T22:45:05+00:00
Mj6u7eGwIQ0,2022-10-05T22:44:44+00:00
3jbHbDena_U,2022-10-05T09:33:38+00:00
TKFJcQtcJcM,2022-10-05T04:54:52+00:00
nwf3XglwAwY,2022-10-05T04:23:21+00:00
z7aAsLoTgao,2022-10-05T04:18:06+00:00
KIdrOQoKTr8,2022-10-05T04:06:13+00:00
iegHKUKiVxQ,2022-10-05T03:18:55+00:00
wXleB0amINg,2022-10-05T02:14:51+00:00
2CN4nZpou_M,2022-10-04T23:55:15+00:00
X3-7-DZ0XXU,2022-10-04T04:18:37+00:00
Q8CmuEsv-uY,2022-10-03T12:04:45+00:00
eNkfx9747qU,2022-10-03T12:03:42+00:00
TQeCi1PGqz0,2022-10-03T12:03:05+00:00
r4Oxnf0Q20c,2022-10-03T03:23:59+00:00
FLlKgu1sx4s,2022-10-03T02:37:19+00:00
TVakXOkE2G4,2022-10-03T02:18:19+00:00
qslHwFCu2sc,2022-10-03T02:18:13+00:00
eRMHcl0OZxk,2022-10-02T01:10:14+00:00
3Y0ud7Al2PI,2022-10-01T10:17:46+00:00
rjBM1YZgf2o,2022-10-01T09:38:12+00:00
P7kJp6suBMw,2022-09-30T07:29:56+00:00
XnCzxZ4SlaM,2022-09-30T01:58:04+00:00
G3-ZniwXSYY,2022-09-29T11:01:52+00:00
ukmHaiUABUU,2022-09-29T10:28:31+00:00
qReh1mDEm1A,2022-09-29T10:05:41+00:00
lkTLWXlobYU,2022-09-29T09:44:05+00:00
e_kGIPwdneY,2022-09-29T00:01:47+00:00
Jsi9GLD_zYg,2022-09-28T22:52:40+00:00
eEkQmPDOnhk,2022-09-28T22:43:44+00:00
fh1WUYDokeU,2022-09-28T08:51:34+00:00
VbWoXkJT6QA,2022-09-28T08:21:04+00:00
_cwAcM4Dej4,2022-09-28T07:11:43+00:00
Pm5L30mPrBI,2022-09-28T06:55:07+00:00
oF4Aa7poreE,2022-09-28T05:42:00+00:00
m3mXgmgnvdw,2022-09-28T00:32:34+00:00
7LC5eDCPCT4,2022-09-28T00:15:29+00:00
HLQWaLBPqMk,2022-09-27T22:58:44+00:00
HHOn8u-c2wk,2022-09-27T18:43:22+00:00
67K5-9xcKwg,2022-09-27T03:16:26+00:00
t521jxF8tyc,2022-09-26T22:24:52+00:00
_8yGGtVKrD8,2022-09-26T22:17:35+00:00
IoMbeDhG9fU,2022-09-26T22:15:30+00:00
zcUAnlfMFe0,2022-09-26T02:38:34+00:00
EfGzY42UqZM,2022-09-24T08:51:13+00:00
XvXlFKvpoOg,2022-09-24T06:20:46+00:00
yCoPdguD7H4,2022-09-23T06:54:43+00:00
U6FQ1GJenS4,2022-09-23T05:12:36+00:00
Rzt4LkVBtJg,2022-09-23T02:45:49+00:00
3UjVIsNzpFk,2022-09-22T23:58:23+00:00
esD90diWZds,2022-09-22T19:41:35+00:00
reaEJYv_1yk,2022-09-22T03:35:05+00:00
vh0Cr3vDDRk,2022-09-22T03:34:07+00:00
Y2muK7GPbpg,2022-09-22T03:04:17+00:00
0ShjToPSsOM,2022-09-22T00:07:48+00:00
iowUpb_THsc,2022-09-21T11:20:30+00:00
s-cmso6kK5o,2022-09-21T11:18:11+00:00
8PLdc8ZOlJA,2022-09-21T07:57:18+00:00
29ii7Nd8QeQ,2022-09-21T07:57:10+00:00
ZmQd6FM31X4,2022-09-21T07:57:03+00:00
SVnF3x44rvU,2022-09-21T06:19:37+00:00
JI6JfJXcUjU,2022-09-20T23:14:28+00:00
5i5yz8lXHWg,2022-09-20T16:59:14+00:00
VbvZLCiLt2o,2022-09-20T15:42:56+00:00
BoOqiG9Szf8,2022-09-20T15:38:35+00:00
gH_I3-1TJY0,2022-09-20T13:43:17+00:00
arISs51EHUg,2022-09-20T13:41:47+00:00
kFduy8qQIOg,2022-09-20T06:50:07+00:00
Fqq2kFyXupo,2022-09-20T00:30:56+00:00
Qut5e3OfCvg,2022-09-19T04:53:39+00:00
ZhqAzmm5sSE,2022-09-19T04:34:23+00:00
ipTr5_hxMPs,2022-09-19T04:16:25+00:00
oGvXgOg7rmA,2022-09-16T06:02:15+00:00
fejuMhlRPdg,2022-09-16T05:44:09+00:00
qmIawijFjTg,2022-09-15T02:21:22+00:00
SvuitFzDxDg,2022-09-14T08:43:44+00:00
bcPCKnMHG68,2022-09-14T04:52:34+00:00
VKdqDrlB3CQ,2022-09-14T04:13:11+00:00
m4h41smLnNU,2022-09-14T03:29:56+00:00
V3XfmRZAQ-o,2022-09-14T01:47:00+00:00
ZdnRQEWfkkI,2022-09-14T01:46:51+00:00
7jQQnbl26WE,2022-09-14T01:20:52+00:00
8C35sdjc_cw,2022-09-13T19:00:28+00:00
d82w7O0u5A8,2022-09-10T06:47:44+00:00
QgbgUrp1a70,2022-09-10T06:06:23+00:00
ZavwtJxmqJI,2022-09-10T06:00:41+00:00
k83zmjHSD_E,2022-09-08T04:26:53+00:00
xeUe7Uf0-OM,2022-09-08T04:26:12+00:00
dK3k2fq-7iM,2022-09-08T03:35:11+00:00
Y5c0-abNAxg,2022-09-07T21:17:01+00:00
QGZ6jigic_I,2022-09-06T19:45:18+00:00
xl70tAXGg70,2022-09-06T18:58:16+00:00
ku7UthRN2Fs,2022-09-06T17:09:32+00:00
qdgNQN-PiRA,2022-09-06T10:02:28+00:00
MO7Cd_a30fQ,2022-09-06T07:35:15+00:00
OMWOWhm0e7w,2022-09-06T04:54:44+00:00
LIYK3CxZ0WI,2022-09-06T04:53:35+00:00
x34icYC8zA0,2022-09-06T01:13:23+00:00
W0_thAdx8Kw,2022-09-05T18:48:10+00:00
jQqXJznb24E,2022-09-05T16:53:41+00:00
plPsYTUyVCQ,2022-09-05T16:06:23+00:00
3WsBS6SqoPw,2022-09-05T16:06:18+00:00
_K-ZGgimb_g,2022-09-05T14:20:35+00:00
z69W7Jv5A-o,2022-09-05T14:17:54+00:00
mfYWRQ8MtmM,2022-09-05T14:06:51+00:00
rTeZL2wDe3U,2022-09-04T09:24:07+00:00
zMeBtd8z9go,2022-09-03T21:03:29+00:00
50H94eSNqkM,2022-09-03T13:57:25+00:00
fdpEAyrKwvU,2022-09-02T22:55:33+00:00
iQB5ifzSA48,2022-09-02T18:11:29+00:00
mMkDt6KJpSE,2022-09-02T18:05:32+00:00
CMQjZIaKBpQ,2022-09-02T15:40:35+00:00
dRHetRTOD1Q,2022-09-02T15:20:11+00:00
_g-W6NDdd84,2022-09-02T08:39:27+00:00
dNTvw6G2LoI,2022-09-02T08:04:53+00:00
FxBiT15OoCM,2022-09-02T07:34:59+00:00
i8u5vD_D7l0,2022-09-01T14:30:02+00:00
tcG0h1q5C-A,2022-09-01T14:29:45+00:00
l6mRdcECQjU,2022-09-01T08:31:17+00:00
lRcXC_9qcj0,2022-09-01T04:44:09+00:00
4szpjAUbbTc,2022-09-01T02:41:36+00:00
wedfXsnYP4Y,2022-09-01T02:34:11+00:00
zKQ7U0h58yI,2022-09-01T02:25:32+00:00
s17XQEd2VYY,2022-08-31T22:22:15+00:00
oRRLLsZRV1E,2022-08-31T22:07:57+00:00
d7kez0F0UJ4,2022-08-31T22:06:39+00:00
Lst1Aex2vcQ,2022-08-31T21:24:05+00:00
Ws_YvHfG1yQ,2022-08-31T21:17:13+00:00
boRwLohxlmw,2022-08-31T14:07:10+00:00
8hJPUa0nU4Q,2022-08-31T08:42:47+00:00
tun6LtFNExs,2022-08-31T04:25:54+00:00
HZPQtb6NWKM,2022-08-31T00:45:40+00:00
ygLy02y7_n8,2022-08-31T00:45:15+00:00
aFldzg4FIFM,2022-08-27T13:29:10+00:00
WmGTsZH3SFU,2022-08-27T13:26:00+00:00
kmIbzhWNCvQ,2022-08-27T12:46:41+00:00
Nmte_SQ502k,2022-08-27T08:12:03+00:00
jzPYpXCIYAI,2022-08-26T15:03:59+00:00
t-PACiGaFDI,2022-08-26T11:12:21+00:00
rFkwuU1v0QA,2022-08-26T10:27:56+00:00
RZI0AQSsC5c,2022-08-26T10:14:42+00:00
uZgN34FXNZY,2022-08-26T06:31:20+00:00
YWRgN68IFkI,2022-08-25T16:49:20+00:00
sRA-WV01Ogk,2022-08-25T16:43:40+00:00
RpmRy-KjxLE,2022-08-25T16:38:30+00:00
DKVWp_Ekl44,2022-08-25T16:36:32+00:00
jSZZCFAuUos,2022-08-25T16:14:51+00:00
rThRRa9gayc,2022-08-25T14:46:58+00:00
_JALXA3NgsU,2022-08-25T09:13:15+00:00
KUFgS-N3ZmM,2022-08-25T02:32:13+00:00
qmPrIW1lGLk,2022-08-24T23:19:12+00:00
Q6NcI21Gmsg,2022-08-24T23:15:51+00:00
7XWJJdF4RJU,2022-08-24T23:03:56+00:00
sAMSa5wF0-M,2022-08-24T22:22:15+00:00
WFQsMCd_4CU,2022-08-24T22:20:49+00:00
viTC3vkKOkk,2022-08-24T22:20:40+00:00
BM7EQz-vl4s,2022-08-24T20:28:03+00:00
NPIeCoGga9o,2022-08-24T17:12:50+00:00
F2QmdMOX8mc,2022-08-24T06:45:52+00:00
6BODDyZRF6A,2022-08-23T18:11:07+00:00
5SD4lI9GKUE,2022-08-23T18:08:54+00:00
PHISaPkPagU,2022-08-23T14:20:39+00:00
OGfeHYyzVtY,2022-08-23T09:59:22+00:00
I0v8gXwJ3_I,2022-08-22T22:19:50+00:00
 -FFHN12dbhw,2022-08-22T20:51:45+00:00
tF7ZkPewwQo,2022-08-22T20:51:31+00:00
2YAzUC6LzNk,2022-08-22T07:10:12+00:00
dg-R7ND3Rng,2022-08-21T10:26:21+00:00
Mz4Xy0RAJUI,2022-08-21T06:16:43+00:00
_pysf5ixCTQ,2022-08-20T07:00:47+00:00
WH0D3nc580Y,2022-08-20T01:30:05+00:00
ViS0V9-zj8c,2022-08-19T08:44:40+00:00
hb4H_9TKQ8I,2022-08-19T08:35:11+00:00
FMwJSI7qC3U,2022-08-19T08:28:16+00:00
dUSPzL7lsY8,2022-08-19T07:34:46+00:00
JAbKVroldQg,2022-08-18T03:10:49+00:00
ukLGrA2ryYY,2022-08-18T02:45:12+00:00
cL0NXKprKnQ,2022-08-18T02:39:43+00:00
dUSPzL7lsY8,2022-08-17T21:27:59+00:00
9TtA1C9T61E,2022-08-17T20:38:21+00:00
Cw76gF1rzV0,2022-08-17T12:56:33+00:00
aL0T0TnTpn8,2022-08-17T05:38:56+00:00
bbIAPqQcWkQ,2022-08-17T05:38:49+00:00
iunVLyYZn5g,2022-08-16T14:12:49+00:00
7psI60ZCOdw,2022-08-16T07:03:22+00:00
GPFIHwRic5E,2022-08-16T04:08:58+00:00
sidQhWsFgxw,2022-08-16T03:08:33+00:00
hnWm7mkZj94,2022-08-15T19:28:05+00:00
V8kLmFvYso4,2022-08-15T17:28:22+00:00
HaVC_mQpfTA,2022-08-15T14:23:46+00:00
LqblLZEoBGE,2022-08-15T14:19:03+00:00
ReXU5cjtD2k,2022-08-15T14:18:50+00:00
8pqvCIFJS2E,2022-08-15T09:52:55+00:00
DV_xc_mzkqI,2022-08-14T00:47:46+00:00
Geh_JOVR8ak,2022-08-13T22:13:12+00:00
PjVbFmuYcIk,2022-08-13T22:12:21+00:00
OBc8e3iWSNg,2022-08-13T10:18:00+00:00
tFS758_rmtg,2022-08-13T10:17:04+00:00
BIXzRH580mo,2022-08-13T05:49:19+00:00
LHL9Ugx4UQ0,2022-08-13T05:48:58+00:00
TDQEu2Fiy0o,2022-08-12T20:31:26+00:00
ASeH6mkW43M,2022-08-12T15:19:44+00:00
W6Ystx4YOrw,2022-08-12T15:17:32+00:00
O9bqJRExWx4,2022-08-12T05:14:21+00:00
 -jTHTRvdhGE,2022-08-12T04:33:05+00:00
A5soZOEgsks,2022-08-12T03:49:41+00:00
uGYmQTyYmiM,2022-08-12T01:59:09+00:00
imIW41AmclY,2022-08-12T01:55:19+00:00
4yv2fUOMJxY,2022-08-11T09:29:37+00:00
Q4NC4E5RXik,2022-08-11T07:49:55+00:00
1nVEIuAxyQU,2022-08-11T07:44:32+00:00
5vHpKrsRl7U,2022-08-11T05:51:49+00:00
KUiziPAtTGU,2022-08-11T05:47:05+00:00
J5oZ80Daduc,2022-08-11T05:07:55+00:00
4jWgnsQSP_k,2022-08-11T03:32:25+00:00
PPXq8FdGR1I,2022-08-11T03:24:08+00:00
XF1MK5EjVjs,2022-08-10T23:41:37+00:00
VLfPHkkhcEc,2022-08-10T23:39:48+00:00
xB7HPxdBOdw,2022-08-10T23:38:09+00:00
dWuEO37HOXk,2022-08-10T23:20:05+00:00
Hi3GzlMtUDc,2022-08-10T18:18:59+00:00
0XrTTVJ0DPo,2022-08-10T14:30:23+00:00
wzqHB7bYGtE,2022-08-10T14:09:33+00:00
j1PHnRs74D0,2022-08-10T13:10:56+00:00
iX0q1MufBMU,2022-08-10T13:09:55+00:00
kPlpreIyKoM,2022-08-10T12:56:22+00:00
I-XeGnNZMiI,2022-08-10T12:54:27+00:00
0effdxyFGQI,2022-08-10T12:38:08+00:00
en-PWwRrrQw,2022-08-10T08:26:09+00:00
DCFsDa7cr7w,2022-08-10T08:21:14+00:00
5m382kG9Hh0,2022-08-10T08:18:53+00:00
LTjlDTZ24HQ,2022-08-10T08:18:12+00:00
O8be1QEdGUs,2022-08-10T08:16:31+00:00
9aOO5JL_sA4,2022-08-10T08:14:22+00:00
dr0I8FvoIhc,2022-08-10T08:11:51+00:00
uOnjYaZ9M2g,2022-08-10T07:16:16+00:00
kBn6xMQJnu8,2022-08-10T02:50:24+00:00
0YIGqj8Jel8,2022-08-09T11:23:49+00:00
x_rhZj6mqW0,2022-08-09T09:07:43+00:00
8Ur3YLhceAE,2022-08-06T23:04:26+00:00
ONN2QnHaMtU,2022-08-06T16:00:11+00:00
VFgC-kDCCHI,2022-08-06T15:09:49+00:00
VOeIQ5Y0vmo,2022-08-06T15:06:25+00:00
IyDjJgUsiRs,2022-08-06T12:06:36+00:00
j_WF48esgwU,2022-08-06T06:18:12+00:00
puK4XrxBJkM,2022-08-06T06:14:02+00:00
1hAyDYM-B2c,2022-08-06T06:13:47+00:00
RtdgYV9FXBU,2022-08-06T06:13:04+00:00
Vr3YHsIh4nQ,2022-08-06T06:12:09+00:00
SjuVnrR70lk,2022-08-06T01:34:58+00:00
T5oVgqIbOqw,2022-08-05T08:21:25+00:00
30lV2FMXOzw,2022-08-05T03:04:19+00:00
29d3QCtq1mQ,2022-08-05T02:44:52+00:00
3r8QA5maPtg,2022-08-05T02:42:51+00:00
JTr0tK2Xd-o,2022-08-04T08:55:06+00:00
tkNh8-YE6Fk,2022-08-03T20:40:45+00:00
78b-n9082OM,2022-08-03T18:13:10+00:00
gmeGu83qX6U,2022-08-03T18:02:34+00:00
q-b4RmrOWp0,2022-08-03T08:51:47+00:00
bqrNZW5H7kc,2022-08-02T22:08:32+00:00
14ZtNIFPqZA,2022-08-02T21:29:22+00:00
nd7oOr-RfHg,2022-08-02T11:21:24+00:00
cVV2A_ssPuE,2022-08-02T11:18:57+00:00
MzYD56hKF-8,2022-08-02T02:07:32+00:00
lTpUJxXPhnI,2022-08-01T23:35:09+00:00
l4ImL0Rblk8,2022-08-01T23:33:09+00:00
DGYGRtnYX0c,2022-08-01T23:32:22+00:00
ctsWdUaHsHM,2022-08-01T23:31:53+00:00
yHYpGL-gS8g,2022-08-01T17:50:58+00:00
zlk9tBJrOZY,2022-08-01T17:26:05+00:00
mw0Eck9ZuoY,2022-08-01T14:12:59+00:00
Aed6v2j7MUU,2022-08-01T14:12:14+00:00
NcF4ACIH-vk,2022-08-01T14:11:57+00:00
6tbEYbcpFAU,2022-08-01T14:10:02+00:00
RWzU5tULMJc,2022-08-01T14:07:59+00:00
uInlzHEXZ4I,2022-08-01T14:07:28+00:00
GyXox1QuzCQ,2022-08-01T14:07:13+00:00
cCK3dVW0oss,2022-08-01T14:04:10+00:00
ecIPWwqu0Xc,2022-08-01T14:03:26+00:00
7T-GsgzTcHQ,2022-08-01T14:02:59+00:00
YNmIIGnKrwM,2022-08-01T14:01:55+00:00
EJHsvS3BhgY,2022-08-01T14:00:31+00:00
d2U05MuOgN4,2022-08-01T14:00:12+00:00
knbXhMQpQqY,2022-08-01T13:59:36+00:00
ihT3zmmjeRc,2022-08-01T13:50:51+00:00
QrkePCjF-bg,2022-08-01T07:02:40+00:00
4scpOyvgblI,2022-08-01T06:10:10+00:00
FkexskCsDc0,2022-08-01T02:25:45+00:00
wFhO9hl4h9k,2022-07-31T21:47:03+00:00
ek41rZvrqIY,2022-07-31T21:46:41+00:00
p63SGT2Z1nk,2022-07-31T20:00:24+00:00
uRQ8SkdBeYc,2022-07-31T19:29:34+00:00
gFxyXiUbIW0,2022-07-31T13:45:31+00:00
Gjt3r7xOnKw,2022-07-31T13:35:42+00:00
VPVQmmzxRhU,2022-07-31T13:34:46+00:00
BcHciz6eeeI,2022-07-31T13:27:56+00:00
RnvwcGLWybI,2022-07-31T13:19:14+00:00
ek41rZvrqIY,2022-07-31T12:57:10+00:00
nfNN6TtboGI,2022-07-31T04:37:58+00:00
HL-JSszz4VI,2022-07-29T12:56:18+00:00
abVbzJHHnis,2022-07-29T12:52:16+00:00
5-vBgVYQeYw,2022-07-29T12:48:22+00:00
 -KoTfvaaiFc,2022-07-29T12:41:46+00:00
DHIRo-0BA6Y,2022-07-29T04:29:13+00:00
VP_bP4DD-74,2022-07-29T04:25:06+00:00
fcpj1j31jWc,2022-07-29T04:22:16+00:00
zwhgJddXi9Y,2022-07-29T04:20:08+00:00
0I1tW_S3JMg,2022-07-29T02:33:09+00:00
Jzb1E16r164,2022-07-29T02:26:03+00:00
Y7-QSftsy5w,2022-07-29T02:23:49+00:00
Xtufk3kbd6g,2022-07-29T02:15:48+00:00
C0nzGkLNKK8,2022-07-28T23:22:11+00:00
NpxvLr2fnvI,2022-07-28T23:10:09+00:00
JiYiXly0Jl0,2022-07-28T22:10:54+00:00
4_bLVXuiZVI,2022-07-28T21:20:49+00:00
bsj3m6l4PRY,2022-07-28T21:11:41+00:00
6ruHDWSNvB8,2022-07-28T21:11:04+00:00
OBy-iN9iMDk,2022-07-28T20:55:55+00:00
jIN-ACs_Fos,2022-07-28T17:32:27+00:00
myBNR9H3vWI,2022-07-28T10:54:36+00:00
hD9ESQ4Y8Bc,2022-07-28T10:52:21+00:00
rmCXZ8ECRdE,2022-07-28T09:12:46+00:00
hd7cyVzgwdw,2022-07-28T00:27:34+00:00
Ka1ejuV0nMM,2022-07-27T05:48:00+00:00
tVtuqba4Wpg,2022-07-27T04:46:42+00:00
M5wYxijvGoo,2022-07-27T04:40:05+00:00
Hr7BZr-QAXU,2022-07-27T04:05:32+00:00
slUJ-SeTN34,2022-07-27T04:02:45+00:00
Lb92FtFTlVI,2022-07-27T03:45:35+00:00
MqQ0OCYKGGA,2022-07-27T02:58:16+00:00
ESZur_6aZUM,2022-07-27T02:57:31+00:00
fXt6eYXDHHE,2022-07-27T02:50:19+00:00
BSmkkUsaNlQ,2022-07-27T00:39:42+00:00
BCV20QhbGFE,2022-07-26T21:09:39+00:00
_NJANgHwUBE,2022-07-26T20:27:41+00:00
SP1Ehgi2Z70,2022-07-26T19:56:31+00:00
hb5MSJcBb9o,2022-07-26T13:47:30+00:00
rO2L9Q06CTE,2022-07-26T13:40:29+00:00
Nz4Dx-NvJ6E,2022-07-26T08:49:28+00:00
6ExvOmkmya4,2022-07-26T08:03:02+00:00
cu8tUCvBN34,2022-07-26T05:14:09+00:00
wb-XMqS01jU,2022-07-25T16:51:41+00:00
Eyiw0sukdRY,2022-07-25T08:50:46+00:00
hnToDKeYpGc,2022-07-22T17:43:19+00:00
9cxKJMUu_SQ,2022-07-22T14:10:13+00:00
cu8tUCvBN34,2022-07-22T13:18:04+00:00
NfOl_XtXHLU,2022-07-22T12:56:26+00:00
4HtPc9jzFuU,2022-07-22T12:38:42+00:00
23cgNPAZ_1Q,2022-07-22T11:31:26+00:00
LoK8eTqHzak,2022-07-22T11:19:00+00:00
4glVJKfs1Zg,2022-07-22T11:10:58+00:00
fa8veDOssuA,2022-07-22T07:41:05+00:00
qBNT-HRXNwQ,2022-07-22T04:53:03+00:00
LTrU0mTXC2I,2022-07-22T00:35:09+00:00
sdwdmqXnm-k,2022-07-22T00:06:08+00:00
sAFGL1Hul3Y,2022-07-21T21:03:47+00:00
tuSiKJBH67w,2022-07-21T20:15:39+00:00
CclQ1tGmGws,2022-07-21T18:40:13+00:00
blH0BY-MQvY,2022-07-21T15:57:52+00:00
2QxzWdMjI4A,2022-07-21T10:10:07+00:00
i159MnXEIlA,2022-07-21T10:05:24+00:00
doHAonRI48Q,2022-07-21T09:43:06+00:00
goDoaOqcC7o,2022-07-21T09:41:48+00:00
CBcJ3krU3Wc,2022-07-21T08:25:35+00:00
tj8vzloRKQ0,2022-07-21T08:07:34+00:00
5cOiHIV8I3Q,2022-07-20T17:14:49+00:00
mVY3sGpqCJE,2022-07-20T17:12:41+00:00
JfpvfCI7oW4,2022-07-20T16:51:20+00:00
6g3xwhh99-c,2022-07-20T16:38:01+00:00
3JWDFXlec3w,2022-07-20T15:24:26+00:00
LbEYHiij3pw,2022-07-20T15:18:32+00:00
TujHbwyCQIE,2022-07-20T15:14:46+00:00
nNHncf3SfyU,2022-07-20T13:59:00+00:00
GjYNG8NWeic,2022-07-20T07:16:31+00:00
Q0FAad6FMQE,2022-07-20T06:52:05+00:00
jE06KHpU7Z4,2022-07-20T06:44:58+00:00
SKwQroAkYdk,2022-07-20T05:10:40+00:00
YgqrnvyDvWI,2022-07-20T02:42:25+00:00
IS22ihwnqr8,2022-07-19T20:14:31+00:00
bfv_XR3PG8Y,2022-07-19T19:06:26+00:00
3sW1Thw1V4k,2022-07-19T17:14:20+00:00
2ilhJ2daShQ,2022-07-19T16:33:27+00:00
PYz_GlMeQng,2022-07-19T14:56:33+00:00
z2x4Uy8K_1A,2022-07-19T05:16:10+00:00
iKumXTfSFRw,2022-07-18T15:52:37+00:00
FIDTah3SvCU,2022-07-18T15:34:42+00:00
XEkDsUrmFC4,2022-07-18T14:17:34+00:00
YA--mL3SpzU,2022-07-18T14:11:22+00:00
ycJ5-1JGqPI,2022-07-18T05:38:03+00:00
 -ychq-sx8VI,2022-07-17T09:17:11+00:00
oukCBBYyhAk,2022-07-17T01:45:14+00:00
mx2W5k6Wmms,2022-07-17T00:28:58+00:00
UMhfulZu8r8,2022-07-16T23:03:59+00:00
uiknhtq9mRc,2022-07-16T21:00:10+00:00
1XDnKdtUqCw,2022-07-16T19:18:59+00:00
YmSDDslA__M,2022-07-16T15:35:54+00:00
kKQPi36RZ_g,2022-07-16T08:46:16+00:00
Sy2MqQ_uNIY,2022-07-16T04:02:18+00:00
1nfnkx6FYJ8,2022-07-16T03:40:53+00:00
iXF-HRP1KBI,2022-07-16T02:40:21+00:00
xtbW6Z-eFmU,2022-07-16T02:11:48+00:00
1Fo97Fi25eA,2022-07-16T01:34:16+00:00
5g3sD7tOKb4,2022-07-15T22:02:13+00:00
wG0j-tc3zkw,2022-07-15T21:29:23+00:00
QfXKKLqpVi4,2022-07-15T20:43:49+00:00
qkSPBZoZSjI,2022-07-15T20:40:07+00:00
vDPkMvUAgqo,2022-07-15T20:22:05+00:00
1-02V4SCcls,2022-07-15T20:18:49+00:00
2MAI2j3MpfI,2022-07-15T19:44:14+00:00
N_k0CF1VnNg,2022-07-15T16:15:38+00:00
IGpAQng_7ao,2022-07-15T16:05:38+00:00
jqNxc4yGVlY,2022-07-15T15:19:30+00:00
5nRbS1zoyqA,2022-07-14T07:19:13+00:00
IgJvaDsOmH8,2022-07-14T07:18:13+00:00
5DP7YT-Snrc,2022-07-14T07:17:04+00:00
SZiDFL4eSwQ,2022-07-14T06:45:24+00:00
368_IfY4M24,2022-07-14T05:04:46+00:00
scjNtUWZ-Tg,2022-07-14T04:52:01+00:00
N46Lk8PmM3I,2022-07-13T05:43:07+00:00
wTzh0NKIOkE,2022-07-13T05:41:46+00:00
TOzG8iSOsws,2022-07-13T00:19:12+00:00
YzxFgwuvvwk,2022-07-12T19:41:09+00:00
ltkSAkX8_rI,2022-07-12T06:25:41+00:00
qNvtO0TtGBs,2022-07-11T22:29:38+00:00
 -boz_X-Zsak,2022-07-11T20:39:03+00:00
fOTBnqpNymE,2022-07-11T19:54:19+00:00
40p1OEBuPYE,2022-07-11T19:53:15+00:00
y7LBUQN6iAc,2022-07-11T19:52:56+00:00
jj1d33lGNCQ,2022-07-10T05:07:51+00:00
n9QHAWsSutU,2022-07-09T08:06:22+00:00
SMvwFa0WzMk,2022-07-08T06:22:41+00:00
Po1ei8rb2x8,2022-07-08T06:13:13+00:00
kcT2GqU47Kc,2022-07-08T06:06:06+00:00
FwImKYGCSxI,2022-07-08T05:52:17+00:00
e4BPzwc8W88,2022-07-08T05:07:26+00:00
3Ea3t9dw4wA,2022-07-08T00:19:45+00:00
hlWzAHB2Fd0,2022-07-07T10:53:35+00:00
CysUWPTQdIg,2022-07-07T10:51:00+00:00
7GILHopoxC8,2022-07-07T10:12:24+00:00
HN44bTffrhA,2022-07-07T08:42:04+00:00
UUrGuzYMs5k,2022-07-07T06:10:24+00:00
SPn0g-Fe598,2022-07-07T05:24:08+00:00
DEKB56q9SPY,2022-07-07T05:23:29+00:00
Z8LS6OmoJN4,2022-07-07T05:22:51+00:00
CpQtkv-eulg,2022-07-07T01:36:02+00:00
M8WB6KGNGJA,2022-07-07T01:17:46+00:00
S39zZg0j8YQ,2022-07-06T04:01:50+00:00
zuN5KQudSS4,2022-07-06T02:37:14+00:00
yu2ov_0Qd2w,2022-07-06T01:59:16+00:00
mr-rYidfgqw,2022-07-05T17:26:47+00:00
SKOr-hr_Wto,2022-07-05T17:20:39+00:00
 -Fs3UcO_JhU,2022-07-03T04:00:30+00:00
F3lhv4McnxU,2022-07-03T04:00:12+00:00
MOvUENRCJg4,2022-07-02T02:09:42+00:00
O9zkGfyH6u8,2022-07-01T17:49:23+00:00
Uizkj0dUhcs,2022-07-01T13:55:56+00:00
eU33YV1h5us,2022-07-01T13:38:39+00:00
DAtgVw5y1Vo,2022-07-01T13:26:30+00:00
WK3Z9jxaB9g,2022-06-29T20:31:45+00:00
FH1BiCKCEGA,2022-06-29T20:28:06+00:00
iU3kC-QEHew,2022-06-29T20:27:24+00:00
qjxKxsH_Kk0,2022-06-29T20:27:15+00:00
X6EbVwOumlE,2022-06-29T20:27:03+00:00
obTwBcID0MY,2022-06-28T20:43:42+00:00
dslDo3Bi7qY,2022-06-28T20:42:41+00:00
kInyoCPyFb0,2022-06-28T07:29:49+00:00
Q7mWn3Z7ySk,2022-06-28T05:49:28+00:00
lYbJmDzRH68,2022-06-28T03:28:52+00:00
uXL3TnEUp9E,2022-06-26T03:28:35+00:00
wlU13Y7Oe9o,2022-06-25T23:32:30+00:00
Akxz5j33icU,2022-06-25T23:00:11+00:00
tiTu6g2TqC8,2022-06-25T19:47:38+00:00
2PZ5-y1G7z8,2022-06-25T01:11:44+00:00
R8K4vkBP2GY,2022-06-25T00:25:10+00:00
knkuJU66x_M,2022-06-24T22:22:14+00:00
ffhMSnO3gU0,2022-06-24T19:14:34+00:00
b9xBAtCsCTQ,2022-06-24T17:30:00+00:00
oDLU3e34G1o,2022-06-24T17:29:40+00:00
JaKTnzfCOGQ,2022-06-22T04:12:59+00:00
cnvv89Nd2pg,2022-06-22T04:06:01+00:00
CSu86-1BruE,2022-06-22T04:01:07+00:00
lz8wjnRKHfU,2022-06-22T03:48:53+00:00
TerWx9fe5yo,2022-06-22T03:46:56+00:00
WxcxAYjDmsk,2022-06-22T00:46:32+00:00
9gagAQDiYMc,2022-06-22T00:45:51+00:00
txkonqKPZpQ,2022-06-21T18:55:14+00:00
j_3YoeLz7Rc,2022-06-21T17:05:16+00:00
KCtkGdA9CD0,2022-06-21T10:19:38+00:00
PbMwyIVNGMg,2022-06-21T08:26:21+00:00
8HVL2Ep8Vdo,2022-06-20T21:45:53+00:00
hIJO2vZi4TQ,2022-06-20T21:42:39+00:00
NlpygQMhObw,2022-06-20T08:29:05+00:00
Syw-YXuKufQ,2022-06-18T19:49:05+00:00
ddNZTR1BFgc,2022-06-18T19:48:51+00:00
75lpAiAbwEE,2022-06-18T18:45:27+00:00
Ocbxeu7EobQ,2022-06-18T10:54:46+00:00
0cB2CDy469w,2022-06-18T04:01:03+00:00
9HinHSUrZ7o,2022-06-17T18:29:13+00:00
uenaA6djuzQ,2022-06-17T08:05:43+00:00
NbgAHpD4W_8,2022-06-17T08:04:25+00:00
Ob3h1jumJFw,2022-06-17T07:24:44+00:00
dYrctWr9zv0,2022-06-17T03:29:35+00:00
rRF5D68e44Q,2022-06-16T05:33:43+00:00
j2fbOAyNOpM,2022-06-16T05:20:33+00:00
XUtrm0ge5xw,2022-06-16T05:18:15+00:00
tXnvFRN9MXo,2022-06-16T05:15:53+00:00
V-840mB5Q7U,2022-06-15T18:36:22+00:00
DWQUiSPVybk,2022-06-15T14:39:28+00:00
FvOWOfeBG6M,2022-06-15T14:26:06+00:00
Dqw5x69lnOE,2022-06-15T14:25:43+00:00
32FwFATEk4s,2022-06-15T13:48:26+00:00
URIwWtwn6qA,2022-06-15T13:30:20+00:00
0rAzg7Fuuh0,2022-06-15T13:29:02+00:00
5fms_rSB99c,2022-06-15T13:18:21+00:00
hnslf8G7OqM,2022-06-15T13:12:10+00:00
glbnrYF_0ck,2022-06-15T05:33:27+00:00
J_kiMeYKJbY,2022-06-15T05:28:11+00:00
MlfRgqbZCTA,2022-06-15T04:20:39+00:00
EhACD-PwNv4,2022-06-15T04:18:27+00:00
-203Pw8z_jA,2022-06-15T04:14:18+00:00
qeRsvW03uAA,2022-06-15T03:30:57+00:00
oHNuJ_LoVX8,2022-06-14T17:50:25+00:00
TH-_bsCwdRw,2022-06-14T14:51:31+00:00
zwuMRRnlpa8,2022-06-14T14:31:12+00:00
WLT55kPIFCo,2022-06-14T13:59:47+00:00
JqCwQ9clHec,2022-06-14T13:57:30+00:00
vXcU7h3uVlg,2022-06-14T13:43:22+00:00
XwJMpQiqCm4,2022-06-14T13:42:22+00:00
V3WH4gF84fU,2022-06-14T13:22:08+00:00
eX8Kw1bH2m4,2022-06-14T12:42:03+00:00
z479vnQxq8o,2022-06-14T12:39:50+00:00
jx9egnlxBRk,2022-06-14T12:37:29+00:00
tpJKZB3gdVY,2022-06-14T12:34:24+00:00
W-DKyTrnVuo,2022-06-14T06:51:49+00:00
Y9gFNzhLuT0,2022-06-14T02:32:42+00:00
UBS4Gi1y_nc,2022-06-14T01:47:44+00:00
G0DZwz2k3VU,2022-06-14T00:29:55+00:00
 -izhWEOaaJo,2022-06-12T02:16:31+00:00
y0-eBuOLTlo,2022-06-12T02:13:43+00:00
OO9wpvVJJMA,2022-06-12T02:01:37+00:00
b5W4OnPRyVw,2022-06-12T02:01:16+00:00
jH4KtG9ybwc,2022-06-12T01:46:30+00:00
JhLxK2xGqqo,2022-06-11T15:41:35+00:00
Bmi-_oT2kF8,2022-06-11T15:16:46+00:00
0sBj1zriqVA,2022-06-09T19:37:09+00:00
1dvzO4wyudM,2022-06-09T17:51:15+00:00
5dZlr5KLdYY,2022-06-09T07:10:10+00:00
GHNSk77TUHU,2022-06-09T07:05:31+00:00
6Tg1MKyGTKs,2022-06-09T06:22:37+00:00
VijCE-3YvL8,2022-06-09T03:35:18+00:00
MC1TkipqZrM,2022-06-09T03:33:46+00:00
anrVBfmFmeE,2022-06-09T00:28:10+00:00
WvEvhWkFh0I,2022-06-08T23:19:08+00:00
qBV9XVUk6WQ,2022-06-08T22:02:13+00:00
If0YQpGk_8g,2022-06-08T13:34:22+00:00
OPfO97EpLRk,2022-06-07T20:15:33+00:00
LR9msTsmpZs,2022-06-07T20:14:14+00:00
GIgbwUesBtc,2022-06-07T09:53:11+00:00
zIcneBWjhSg,2022-06-07T09:49:56+00:00
0Cwag_m3gcI,2022-06-07T09:44:39+00:00
Xe-yeQgT4F0,2022-06-07T09:37:31+00:00
N99h06Pm9oU,2022-06-07T09:36:42+00:00
MDhsb52L5wU,2022-06-07T02:38:13+00:00
8TiYgOOLat8,2022-06-07T02:36:59+00:00
xOlr6e4N6BU,2022-06-07T00:26:04+00:00
FgnE25-kvyk,2022-06-06T22:42:38+00:00
CXL6JOyOh1Y,2022-06-06T14:21:10+00:00
FQiRkgdPMI8,2022-06-06T14:18:59+00:00
Zq_BMKBpQNc,2022-06-06T14:14:30+00:00
QQvpfTJHUWc,2022-06-06T14:06:47+00:00
pMk0vdFjRa0,2022-06-06T13:29:59+00:00
RZkIAVGlfWk,2022-06-06T01:48:44+00:00
y-UIknVuZug,2022-06-04T13:11:47+00:00
68d0dK918gE,2022-06-04T04:15:19+00:00
BPNczb288NE,2022-06-04T02:09:53+00:00
0FqCqwaoXVg,2022-06-03T15:31:24+00:00
aWqf17mUyoQ,2022-06-03T13:50:55+00:00
WXcfIegR-F8,2022-06-02T16:25:52+00:00
G4IKfWokFKQ,2022-06-02T15:42:41+00:00
qOGl0frz0Os,2022-06-02T14:10:27+00:00
JPYGRfzfBew,2022-06-01T12:20:40+00:00
ZJrADgNqZ44,2022-06-01T08:31:28+00:00
Fm_4XTyBBCM,2022-05-31T16:47:58+00:00
xCJGl4pRv8s,2022-05-31T15:55:08+00:00
JQG3zZ8gxU4,2022-05-31T15:26:07+00:00
S-wtOJR0kF8,2022-05-31T14:09:11+00:00
Cudt9I955Wo,2022-05-31T13:59:46+00:00
TGZ0LCWtwyQ,2022-05-31T13:27:50+00:00
TGZ0LCWtwyQ,2022-05-31T13:23:43+00:00
qsrihPxrw0c,2022-05-31T00:32:20+00:00
qsrihPxrw0c,2022-05-31T00:31:54+00:00
FHTeuV2E1q8,2022-05-29T10:10:32+00:00
6vSKvhK24dM,2022-05-29T07:44:13+00:00
1k_OLrK4ZuE,2022-05-28T12:57:28+00:00
VC1QitfkbZI,2022-05-28T02:45:27+00:00
ybPbExXo2Ek,2022-05-27T18:59:05+00:00
HHpmcpxL-q8,2022-05-26T14:49:16+00:00
Yr58qxStkrU,2022-05-26T14:09:15+00:00
L5HnIu0j4z8,2022-05-21T16:44:39+00:00
cWhv_D8zxjk,2022-05-21T12:09:25+00:00
NmI_ALcEGUw,2022-05-20T10:21:45+00:00
k5OjIjfiLI8,2022-05-19T18:57:11+00:00
EseMHr6VEM0,2022-05-17T19:33:38+00:00
o2Tz1yV48NQ,2022-05-17T19:32:09+00:00
WqrusoQ6xVM,2022-05-17T19:31:42+00:00
QP73569coeo,2022-05-17T19:30:17+00:00
Cwsd4Cy2QNs,2022-05-16T06:59:49+00:00
HXCuYRkxdgM,2022-05-14T10:18:08+00:00
ea2XXiChIRg,2022-05-14T08:24:59+00:00
TYNGcGDMSpM,2022-05-13T04:15:59+00:00
8QsmQPmiaSw,2022-05-12T11:35:26+00:00
ERhGncBLvsU,2022-05-12T05:50:40+00:00
wVCnwqvJ054,2022-05-12T02:15:47+00:00
Z2RabQkDivk,2022-05-12T02:07:40+00:00
W4W9AUMx4IY,2022-05-11T20:14:42+00:00
So1BFp4_WUU,2022-05-11T17:55:36+00:00
QyZPt7GqNA8,2022-05-11T17:17:56+00:00
kGgEroiMBCY,2022-05-11T17:15:13+00:00
x8j1x3pTOyo,2022-05-10T20:47:46+00:00
j9GxGyVMjVE,2022-05-09T23:36:48+00:00
 -BHVFh5lZrA,2022-05-09T03:30:16+00:00
Ya4224mtSGI,2022-05-09T03:20:53+00:00
kG3MlvQ779s,2022-05-08T07:13:00+00:00
UwyaL-DECrg,2022-05-08T05:38:39+00:00
1102_A_q0xQ,2022-05-08T05:38:02+00:00
60EOjHEzQpE,2022-05-08T05:37:51+00:00
w8nfte2IcEY,2022-05-08T04:41:00+00:00
NEmjhYmrxjQ,2022-05-05T03:03:42+00:00
Ce5qmAj9XX4,2022-05-04T03:11:17+00:00
S3xkpDdQFaE,2022-05-04T03:06:38+00:00
SxPGI57l-xI,2022-05-04T03:05:24+00:00
JnGU8ygonSE,2022-05-04T00:42:38+00:00
MB8emQ8b9YA,2022-05-03T22:29:46+00:00
8TiYgOOLat8,2022-05-03T13:53:06+00:00
7EgQcERjrtc,2022-05-03T09:54:17+00:00
XeMnMqyScQM,2022-05-03T09:53:08+00:00
kOTGCq9QZpY,2022-05-03T09:52:12+00:00
AqoBSija18Q,2022-05-02T14:13:42+00:00
ZXg76dwQh3Y,2022-05-02T13:01:04+00:00
lnVEj5H0rpU,2022-04-30T03:06:35+00:00
a_Tm8-HzuxM,2022-04-29T12:31:32+00:00
w1sYpYICl6U,2022-04-29T12:27:46+00:00
16orf8cK7Pw,2022-04-29T11:49:37+00:00
DucSvb7dFx4,2022-04-29T11:48:56+00:00
C05QAFuMiTc,2022-04-29T11:48:17+00:00
C05QAFuMiTc,2022-04-29T11:47:36+00:00
Dorvncp9W1Q,2022-04-27T07:42:30+00:00
YpU_0Z0c6DU,2022-04-27T06:58:51+00:00
p-m35l5Vtxs,2022-04-27T06:57:39+00:00
Hd-i_-MZaYc,2022-04-27T06:56:40+00:00
vLIEc7GleJA,2022-04-27T06:46:12+00:00
I2G9EETp6I4,2022-04-26T06:14:42+00:00
4fEAKka2s0U,2022-04-26T05:30:21+00:00
znLFgtkrGzU,2022-04-26T04:56:50+00:00
 -OO_hcyBjCs,2022-04-23T17:41:26+00:00
rBUfkwdr-lw,2022-04-23T14:15:11+00:00
VY97JWlPDYc,2022-04-23T07:18:56+00:00
8OcKBa9QYaI,2022-04-23T03:12:20+00:00
j-T8vVXUW2k,2022-04-23T03:06:55+00:00
 -pob1sW4AjY,2022-04-22T20:40:48+00:00
4FzFu-ze8pA,2022-04-22T20:40:19+00:00
rGeeziFMVKg,2022-04-20T04:58:23+00:00
hlxt7QlCI_c,2022-04-20T04:57:27+00:00
Q0fapc4cuug,2022-04-20T04:54:47+00:00
xiu-hULQuNo,2022-04-18T23:07:42+00:00
NSkvLT6t0v4,2022-04-18T22:10:28+00:00
QgnxDaRdK90,2022-04-18T20:03:46+00:00
GW9dKV2kGPM,2022-04-18T20:02:13+00:00
_oY1sLF28zw,2022-04-18T08:00:06+00:00
amGl9Qmgu7E,2022-04-18T07:59:33+00:00
Z_x5vxLevHw,2022-04-18T07:12:01+00:00
SfYw_WmNp-s,2022-04-17T19:52:19+00:00
P-kgyPEhKm8,2022-04-17T04:55:04+00:00
PsP-DTWmTjg,2022-04-17T04:53:16+00:00
udWpPRra6L8,2022-04-17T02:45:54+00:00
pWBtEccqMTU,2022-04-17T02:45:14+00:00
EyGslKalCRM,2022-04-17T01:38:39+00:00
AiheRknyf7E,2022-04-16T08:07:24+00:00
fIKmN2_S6KA,2022-04-16T05:49:39+00:00
fIKmN2_S6KA,2022-04-16T05:39:23+00:00
vFpRHw6lxUs,2022-04-16T01:36:36+00:00
PFVLXShXFFs,2022-04-16T00:44:42+00:00
xSDCz0b_Q5c,2022-04-15T23:18:33+00:00
srhAmIgvL54,2022-04-15T23:03:22+00:00
5EYLrws2_s0,2022-04-15T22:49:32+00:00
KVq9bQXHGyc,2022-04-15T22:37:30+00:00
mVUpKIFHqZk,2022-04-15T20:07:04+00:00
TCSDBxs6l28,2022-04-15T20:04:28+00:00
HTdFV52zmjs,2022-04-15T19:28:01+00:00
6oVaIuMI0II,2022-04-15T13:26:23+00:00
toFRq6J0YLg,2022-04-15T07:58:25+00:00
pXa-Zms5uIQ,2022-04-15T07:34:36+00:00
lXCYni_d1Nw,2022-04-15T07:34:06+00:00
Z39KxbbtCC0,2022-04-15T07:30:52+00:00
Z39KxbbtCC0,2022-04-15T07:29:48+00:00
DL9SGXY_8QQ,2022-04-15T02:50:07+00:00
sySlY1XKlhM,2022-04-15T02:44:47+00:00
x5L6FPNcnDU,2022-04-15T02:43:45+00:00
eBiFSH2fgek,2022-04-15T02:41:36+00:00
c3vW9_HfrKU,2022-04-15T02:19:22+00:00
dtd9Qnv_Km8,2022-04-15T02:12:49+00:00
E3PLgN8uR-k,2022-04-15T00:45:41+00:00
CsoYyDlYU8M,2022-04-14T23:55:41+00:00
e6F24wA7HAw,2022-04-14T23:53:57+00:00
lab7cPXeWvg,2022-04-14T23:52:53+00:00
6h03OKL4kaQ,2022-04-14T23:47:01+00:00
nZgtaKJ018Y,2022-04-14T22:00:38+00:00
Qb5WmEXumS4,2022-04-14T21:59:41+00:00
NdhMTtiC_vQ,2022-04-14T16:20:44+00:00
K_YuQrl62LI,2022-04-14T16:05:01+00:00
K_YuQrl62LI,2022-04-14T16:02:28+00:00
3DUh-hfR6po,2022-04-14T12:56:46+00:00
3DUh-hfR6po,2022-04-14T12:55:58+00:00
JuPeG11rnEc,2022-04-14T09:11:29+00:00
WyvVKRDjOiw,2022-04-14T05:50:36+00:00
wyb-0egSq4c,2022-04-14T00:58:14+00:00
PBd4CWNPJ-I,2022-04-13T19:30:16+00:00
uUyBkJfU6OI,2022-04-13T18:48:38+00:00
0nyIo66KA2Q,2022-04-13T14:04:31+00:00
IA88AS6Wy_4,2022-04-13T14:03:57+00:00
iJETtWr47PY,2022-04-13T14:03:25+00:00
N7Xw3Ns5vz4,2022-04-13T11:11:27+00:00
0nyIo66KA2Q,2022-04-13T11:09:48+00:00
IA88AS6Wy_4,2022-04-13T11:09:22+00:00
OPhkZW_jwc0,2022-04-13T11:09:05+00:00
iJETtWr47PY,2022-04-13T11:08:45+00:00
FyIwF1ZTXZA,2022-04-10T23:04:27+00:00
U_yxtaeFuEQ,2022-04-10T22:08:42+00:00
CcziwUf6C84,2022-04-10T19:44:56+00:00
JXFOVQsJYEs,2022-04-10T19:42:27+00:00
cWXNSlZU0Us,2022-04-10T19:32:41+00:00
rRhmogBs-gU,2022-04-10T19:28:33+00:00
Ioc9shJa_lI,2022-04-10T19:25:58+00:00
t936rzOt3Zc,2022-04-10T19:18:32+00:00
t936rzOt3Zc,2022-04-10T19:17:33+00:00
6vGX-B9Jo2U,2022-04-10T08:31:17+00:00
66dZicHl0zM,2022-04-10T05:49:00+00:00
lD-QnTZ6ePo,2022-04-10T03:01:30+00:00
VkngzIO1cJg,2022-04-10T02:59:36+00:00
ZGI1STuRUSY,2022-04-10T01:13:01+00:00
67BDe4u2DVU,2022-04-10T01:07:02+00:00
m4-I1w4_GB8,2022-04-10T00:49:48+00:00
369ef6C1a4w,2022-04-09T22:02:12+00:00
ODoXd3U9agc,2022-04-09T17:11:03+00:00
QtjeKSZcvDI,2022-04-09T17:06:07+00:00
q0MpwTEkzqQ,2022-04-09T16:40:50+00:00
KLFB3Jn43-s,2022-04-09T13:48:42+00:00
KLFB3Jn43-s,2022-04-09T13:47:08+00:00
sG7Ryc2rP20,2022-04-08T22:20:44+00:00
6U8HBmZrg_U,2022-04-08T19:29:53+00:00
AR8D2yqgQ1U,2022-04-08T14:12:12+00:00
MvvOivBdpnQ,2022-04-08T04:07:09+00:00
LXLUpMdhpZY,2022-04-08T03:52:29+00:00
MztcU9XWzC0,2022-04-07T10:43:57+00:00
66pYt2vFyAQ,2022-04-06T05:43:41+00:00
Tm1VFimhi60,2022-04-05T14:07:46+00:00
fk_xDw5qAus,2022-04-05T14:06:44+00:00
od5M5g42SSs,2022-04-05T03:21:31+00:00
4YojyJ15250,2022-04-04T07:41:39+00:00
rf0dR2H7vRc,2022-04-03T07:01:25+00:00
OF82mvlHgRc,2022-04-03T00:52:07+00:00
IvypZfSTsvo,2022-04-02T22:48:55+00:00
aPoIVCJdTKc,2022-04-02T22:48:07+00:00
uSQzUx3QW2Y,2022-04-02T16:06:12+00:00
_WRDHDKdXUg,2022-04-02T13:53:19+00:00
dt3niTpcXfU,2022-04-02T07:21:25+00:00
KXP84ijiLbg,2022-04-02T00:58:03+00:00
tNqUIrI-LUE,2022-04-01T13:53:05+00:00
wMSKBT_jxb4,2022-04-01T10:46:44+00:00
zJs6buijfvA,2022-04-01T07:34:50+00:00
QdN5TIQfOEA,2022-04-01T01:30:42+00:00
FDRsEJIxUnQ,2022-03-31T08:27:56+00:00
HpXiSea35Fg,2022-03-31T08:26:57+00:00
uUG5fYLSC8w,2022-03-31T08:15:43+00:00
TaseO6UftBg,2022-03-31T07:59:19+00:00
wHwB6WES1e0,2022-03-31T07:56:51+00:00
5_olp3sPZao,2022-03-30T18:53:38+00:00
7JNsNb15Dc8,2022-03-30T18:49:59+00:00
GsdxcjAfLWQ,2022-03-30T18:26:29+00:00
HFz1RbQg9gE,2022-03-30T16:22:37+00:00
z7rxl5KsPjs,2022-03-30T16:03:10+00:00
kCmAfFw6wEE,2022-03-30T09:52:40+00:00
XiMP2stb0B8,2022-03-30T05:18:57+00:00
8o3IoueVJ0E,2022-03-29T12:05:35+00:00
f_A_wgu5YD4,2022-03-29T11:33:58+00:00
fg5_yGjR2zA,2022-03-29T04:34:40+00:00
lnIXSwlmZfs,2022-03-29T04:33:21+00:00
3LdOXaluKyg,2022-03-29T04:09:24+00:00
3LdOXaluKyg,2022-03-29T04:08:49+00:00
w1xBwWm46ug,2022-03-29T00:28:01+00:00
Qu84tD5UhiM,2022-03-29T00:27:47+00:00
6bpaFxOJcLU,2022-03-29T00:27:34+00:00
onw7IOXj6HU,2022-03-28T21:06:49+00:00
itGzQb-Rc8k,2022-03-28T16:33:24+00:00
J_NelA3ZW4g,2022-03-28T12:05:01+00:00
8SH-0fA6Ss8,2022-03-28T04:46:43+00:00
p2AiQgnylrE,2022-03-28T04:28:21+00:00
FD-qBqhUhJU,2022-03-28T04:24:49+00:00
IQXcJWfsvGI,2022-03-28T04:24:11+00:00
BvsfdKr3JyY,2022-03-28T03:46:13+00:00
cR4Mmj8b8_U,2022-03-28T02:00:31+00:00
xr0AtK6y2eY,2022-03-27T23:32:56+00:00
VRpAkjyHrPM,2022-03-27T23:26:05+00:00
CbJXgktzkRU,2022-03-27T23:22:44+00:00
hVzJUtdFd-s,2022-03-27T23:19:29+00:00
gSviood-t34,2022-03-27T21:14:20+00:00
2zczriUBRA0,2022-03-27T02:25:39+00:00
PaUg2d3ICqY,2022-03-27T01:45:27+00:00
Zw7MqRcMmUA,2022-03-26T22:21:31+00:00
NZCmdwRzyy4,2022-03-26T18:32:39+00:00
uEhgwTFyqk4,2022-03-26T18:28:33+00:00
OpRmxd-k7vU,2022-03-25T05:37:20+00:00
7ZYgKCbFbWY,2022-03-25T05:36:29+00:00
_XLzfbSeKJ4,2022-03-25T03:58:47+00:00
73CSB08Y3is,2022-03-25T03:47:18+00:00
QPROkOaqE_4,2022-03-25T03:40:43+00:00
7nGhILrN0R4,2022-03-25T00:03:04+00:00
XjTcKP7JwfY,2022-03-24T23:50:56+00:00
L3LLQ3HN0bA,2022-03-24T23:47:55+00:00
AP4JzfozXG0,2022-03-24T23:06:11+00:00
CxC11gtMTN8,2022-03-24T15:56:16+00:00
oxCIwKA9RIA,2022-03-24T15:27:21+00:00
nTcecN-jjzo,2022-03-24T15:26:21+00:00
gWFSOT0KT6g,2022-03-24T14:08:38+00:00
MfoI7dCwfXM,2022-03-24T13:24:55+00:00
Eltf42H1gLc,2022-03-24T13:18:19+00:00
oVZUI6SAAdI,2022-03-24T13:02:11+00:00
yF11IyXCNC0,2022-03-24T12:58:06+00:00
4NDL_jOVXes,2022-03-24T10:14:44+00:00
T-w-536da4c,2022-03-24T07:58:47+00:00
q2KiIl7MmyM,2022-03-24T07:18:53+00:00
oNXQllVEtdo,2022-03-24T06:36:04+00:00
cuwPyspG5Wg,2022-03-23T13:14:24+00:00
ElynwYiL6O8,2022-03-23T12:52:51+00:00
j3q7bT0v9IE,2022-03-20T07:18:33+00:00
h1Faj9aKuGI,2022-03-20T05:32:18+00:00
j4dYKvIcbwE,2022-03-20T05:21:07+00:00
qZx-Z3_n4t8,2022-03-20T04:33:02+00:00
qZx-Z3_n4t8,2022-03-20T04:31:26+00:00
38zRx9AYDHQ,2022-03-20T04:11:58+00:00
o-6swMu76m8,2022-03-20T03:05:31+00:00
s_GTfl8Hhc8,2022-03-19T22:30:37+00:00
9hNiX0BEAsM,2022-03-19T22:28:22+00:00
M5r8u7h8y0E,2022-03-19T22:28:15+00:00
1w1P1VK9jGs,2022-03-19T22:27:59+00:00
9SF3Q1lPu0I,2022-03-19T22:26:55+00:00
WkrjkN6o-u4,2022-03-19T22:22:44+00:00
WkrjkN6o-u4,2022-03-19T22:21:49+00:00
HxnQ1vv_CW8,2022-03-19T21:02:24+00:00
dWuEO37HOXk,2022-03-19T19:05:16+00:00
qm4rvI84Yfg,2022-03-19T18:13:29+00:00
qCfms6C0zNQ,2022-03-19T17:40:40+00:00
CIC2SFfqgsE,2022-03-19T17:37:08+00:00
EKe9ybFDQ1A,2022-03-19T17:33:24+00:00
vjgDhfpNSdc,2022-03-19T17:06:44+00:00
YGn8Oi6x7LQ,2022-03-19T17:02:11+00:00
kGCeHiA8F0I,2022-03-19T11:01:15+00:00
A23T6JfRA_Q,2022-03-19T10:12:57+00:00
mMiLZm4q--g,2022-03-19T10:09:58+00:00
50ZQ6brrYng,2022-03-18T17:05:16+00:00
J9hBP54gHZ8,2022-03-18T17:03:21+00:00
 -DdPJhUUkTk,2022-03-17T05:34:26+00:00
eyKe7Z3xm-M,2022-03-17T00:37:44+00:00
Cc5nmkRJ8ek,2022-03-17T00:34:48+00:00
qB4qF7x_m7E,2022-03-16T22:52:44+00:00
Ce3OERuCY0E,2022-03-16T22:51:37+00:00
HDHPgqv4hsw,2022-03-16T17:51:47+00:00
sK4dz6Gbcdk,2022-03-16T16:35:04+00:00
5HgqPpjIH5c,2022-03-16T16:30:15+00:00
g-UYRbNRdi4,2022-03-16T11:04:38+00:00
UQO89bUYNnU,2022-03-16T10:21:40+00:00
A4cGTzvPfvs,2022-03-15T04:51:46+00:00
amR6-neQBPE,2022-03-15T03:19:56+00:00
O02bC8sppWA,2022-03-15T03:15:30+00:00
p554R-Jq43A,2022-03-15T03:05:45+00:00
sQHw1GAmECk,2022-03-15T03:04:59+00:00
Y-1_caICO1w,2022-03-15T03:04:34+00:00
2w1Q8ZkXZ1Q,2022-03-15T03:02:42+00:00
T-ImfsQFJ9g,2022-03-15T02:37:30+00:00
cAQSZhazYk8,2022-03-15T02:36:37+00:00
7YvAYIJSSZY,2022-03-15T02:34:14+00:00
rgc_LRjlbTU,2022-03-15T02:30:47+00:00
EXmABxvHTG4,2022-03-15T02:26:01+00:00
 -hCH0kpJghs,2022-03-15T01:17:56+00:00
oyUKTxeIGLU,2022-03-15T01:16:28+00:00
L0r7CdN8kK0,2022-03-15T01:13:56+00:00
rRD-d-_EzIc,2022-03-15T01:10:18+00:00
rRD-d-_EzIc,2022-03-15T01:09:53+00:00
pDZGG3pSp8Y,2022-03-15T01:07:48+00:00
pDZGG3pSp8Y,2022-03-15T01:04:07+00:00
MbKA2ATtRzA,2022-03-14T21:21:58+00:00
BnHhZ8jLOz8,2022-03-14T19:35:07+00:00
s-Ey_7bBlYc,2022-03-14T19:08:22+00:00
MBdj6xvSSEc,2022-03-14T15:43:13+00:00
dZANKFxrcKU,2022-03-14T14:09:34+00:00
KpwD6Ohzp0Y,2022-03-14T13:13:59+00:00
lP4qhYl7kBg,2022-03-14T13:12:14+00:00
0goUuk_TZ44,2022-03-14T12:57:32+00:00
7kqQdLZRQb8,2022-03-14T11:46:25+00:00
MBEZ3uiSlAc,2022-03-14T11:36:53+00:00
FMrFfle7ZF4,2022-03-14T11:24:23+00:00
4EuuKGQ869s,2022-03-14T10:18:04+00:00
NadFx3ZCUbg,2022-03-14T10:10:25+00:00
spHBTyagfZ4,2022-03-13T22:43:48+00:00
RE1-JVN4L9E,2022-03-13T19:15:24+00:00
FSdsF_D1W8g,2022-03-13T09:00:45+00:00
MoSGVi153po,2022-03-13T08:59:36+00:00
fmRCZQ2vID4,2022-03-12T11:36:47+00:00
gmWpudUVkdY,2022-03-12T11:27:37+00:00
74qLWSI2XEg,2022-03-12T11:16:31+00:00
mhhFhUY1FAU,2022-03-12T09:54:16+00:00
iP0tHmoc1rs,2022-03-12T06:38:21+00:00
xHa6a3FtPJg,2022-03-12T06:32:26+00:00
Rari2l9nHNE,2022-03-12T06:29:39+00:00
PocEXLotC3U,2022-03-12T04:32:03+00:00
RMRqFZpodOo,2022-03-12T01:37:16+00:00
TuJumff-SPc,2022-03-11T13:01:44+00:00
Ex9F-nfg2wE,2022-03-11T12:44:45+00:00
b32jOouL5vU,2022-03-11T05:06:21+00:00
Q-uO8D1rM1Q,2022-03-11T04:50:48+00:00
3X9LvC9WkkQ,2022-03-11T03:27:49+00:00
U8ZU8I2aH8Q,2022-03-11T01:13:56+00:00
Hh9NsQ8hEIk,2022-03-10T08:34:40+00:00
koqOEd10GdI,2022-03-10T08:13:15+00:00
1v1CFv-iuwE,2022-03-10T07:48:17+00:00
_mD4x7YRKfw,2022-03-10T00:58:34+00:00
sf5NkdJpNXo,2022-03-09T23:07:14+00:00
iiChxN0T2kA,2022-03-09T21:40:55+00:00
d4AmYBhGBfM,2022-03-09T10:39:58+00:00
n1scluzlPz0,2022-03-09T04:58:43+00:00
t_TD0vp0Tss,2022-03-09T04:57:23+00:00
EmqPOwQVbCM,2022-03-09T04:40:05+00:00
zND73W9olP0,2022-03-09T04:22:29+00:00
OSGFg7gWpjs,2022-03-06T08:18:27+00:00
9idfQVkqKyw,2022-03-06T08:13:57+00:00
_G3AitE7OHI,2022-03-05T20:17:06+00:00
UHE4UTFDlL0,2022-03-04T08:52:41+00:00
wnlFJCGttx8,2022-03-04T05:21:21+00:00
wnlFJCGttx8,2022-03-04T05:21:17+00:00
gQGxRLh3mkM,2022-03-04T05:09:32+00:00
oeMCEwMl1G4,2022-03-03T15:20:54+00:00
qEdU2vg0Hac,2022-03-03T15:03:01+00:00
cun4NSsM5d0,2022-03-03T14:57:46+00:00
l9kzIrrQ6H0,2022-03-03T14:49:22+00:00
6VQRnXip1lw,2022-03-03T14:47:36+00:00
F31XfJW2CnE,2022-03-03T09:46:35+00:00
zhLfKdd_Hzw,2022-03-03T09:09:26+00:00
YtphY-4xjQw,2022-03-03T04:44:23+00:00
tyRVj3VRahc,2022-03-03T03:11:06+00:00
b67_5G2r1T4,2022-03-03T02:10:37+00:00
OdYIS0eGYLA,2022-03-03T02:07:48+00:00
5cLZBeQEqq8,2022-03-02T22:44:04+00:00
anh59_Q212A,2022-03-02T09:51:45+00:00
4E7XHOotTX0,2022-03-02T05:32:38+00:00
Gb5sbORA62w,2022-03-02T02:45:47+00:00
AtVGICYRTZ0,2022-03-02T01:12:52+00:00
6U6mNAXtCOk,2022-03-01T23:10:16+00:00
KnIPXneHTi8,2022-03-01T21:06:50+00:00
TNINebDTscs,2022-03-01T20:14:20+00:00
vpaPWuDQUcc,2022-03-01T16:58:11+00:00
prOjE8gyRL8,2022-03-01T07:40:59+00:00
H2aeEvIu-Mc,2022-03-01T00:19:45+00:00
XMrdhgWR9Zk,2022-02-28T19:18:37+00:00
JZ9zpf47p9o,2022-02-28T07:19:27+00:00
Ol81vSVjopI,2022-02-28T07:19:17+00:00
gsX-aEXO2OA,2022-02-28T06:49:29+00:00
rF2mJniRwCA,2022-02-28T04:00:16+00:00
VLC9oJBHxkI,2022-02-28T03:58:28+00:00
wkAnau-XU80,2022-02-28T03:58:03+00:00
1cna3NOUODg,2022-02-25T21:47:38+00:00
tZctu0cQhQQ,2022-02-25T19:56:52+00:00
j4MSDDa_GOk,2022-02-25T19:55:15+00:00
ZOC7Pf1XY54,2022-02-24T22:01:51+00:00
8Oc0B6pkl4A,2022-02-24T21:59:51+00:00
zZ6dWoQut_0,2022-02-24T04:26:33+00:00
ijOO94XOsb8,2022-02-24T04:04:58+00:00
6PPhWWL-Pl0,2022-02-24T03:37:20+00:00
I6I2_FK5DDg,2022-02-23T23:35:27+00:00
TE_2oat3sNA,2022-02-23T22:32:48+00:00
QcADCoV8Bt8,2022-02-23T06:07:13+00:00
j4JCeeSaDKs,2022-02-20T05:27:50+00:00
e0LatdqMWf4,2022-02-19T19:53:19+00:00
4P54EycMh-Q,2022-02-19T19:47:47+00:00
UvU9qgP8aA4,2022-02-19T19:44:52+00:00
sqO-n9s1g-w,2022-02-19T07:54:27+00:00
gtB85XWCQpk,2022-02-19T07:46:39+00:00
DNU0PPdPP4o,2022-02-19T05:39:58+00:00
ExJobLMtEOI,2022-02-19T05:33:42+00:00
JX5NC9cQKSQ,2022-02-18T21:21:23+00:00
Dv3HPfTS1jA,2022-02-18T19:07:58+00:00
2Cd6osM-fa8,2022-02-18T18:54:45+00:00
3tQs6l4d8hM,2022-02-18T06:37:22+00:00
iloZdjxH4FU,2022-02-18T06:30:21+00:00
01WITv50s6A,2022-02-18T04:08:43+00:00
HN4Fv39Zm9g,2022-02-18T00:28:21+00:00
pJPbtLt0g1c,2022-02-17T16:42:35+00:00
FItu9x58Ro8,2022-02-17T16:37:14+00:00
SBacb2sFdbU,2022-02-17T05:50:43+00:00
wtXx_4bWgYg,2022-02-17T05:48:02+00:00
GL4exhfaun8,2022-02-17T05:44:05+00:00
mDroNcn49Zc,2022-02-17T05:37:55+00:00
q47EltFPHUU,2022-02-16T06:27:07+00:00
_TPAySIthMo,2022-02-16T06:25:47+00:00
Ms6kC-3yq0k,2022-02-16T06:17:49+00:00
Ms6kC-3yq0k,2022-02-16T06:16:17+00:00
uPOmn1YOaaA,2022-02-16T02:30:30+00:00
MDvWcORyp58,2022-02-16T02:22:58+00:00
RhO5OSLZjl8,2022-02-16T01:28:33+00:00
 -xBAcu2aDSI,2022-02-15T14:47:17+00:00
haxnvx6SHIo,2022-02-15T13:44:53+00:00
qkh8IjqlpxQ,2022-02-15T13:44:25+00:00
EjwdhbA28s8,2022-02-15T13:20:09+00:00
VBEwP95zNGk,2022-02-15T11:36:21+00:00
uphf1rrFe0M,2022-02-15T08:54:49+00:00
QNRxHyZDU-Q,2022-02-15T08:18:27+00:00
b44-5M4e9nI,2022-02-15T08:12:36+00:00
8F1a3LoDJGg,2022-02-15T08:12:00+00:00
b0FpMjsBerY,2022-02-15T08:07:57+00:00
3nSEMJW7UqE,2022-02-15T08:03:15+00:00
tF5kr251BRs,2022-02-15T07:56:16+00:00
QLowEiWmYMs,2022-02-15T07:33:13+00:00
2olBE4C5_Gk,2022-02-15T07:07:22+00:00
_HPVAte2O7o,2022-02-15T03:21:06+00:00
mqy98hcMV9w,2022-02-15T01:37:45+00:00
Ezu4J1exOTI,2022-02-14T20:04:51+00:00
gN7XTqIMQ_Y,2022-02-14T20:01:31+00:00
6U2oSL1gFCs,2022-02-14T16:00:01+00:00
KQBoeBgb0uk,2022-02-14T02:24:27+00:00
e4Qm4L6pKI4,2022-02-10T19:09:05+00:00
gkJE8bDTzPc,2022-02-10T14:31:47+00:00
kKBlxRQ8CCU,2022-02-10T14:31:09+00:00
KXO9eO5ZxYc,2022-02-10T14:25:03+00:00
FT36za3Gyos,2022-02-10T14:04:12+00:00
9IhmroynRtc,2022-02-10T13:48:44+00:00
fBlUi34zxHU,2022-02-10T13:46:01+00:00
-7jjo8UICjQ,2022-02-10T09:38:57+00:00
6VPy85Pv8NE,2022-02-10T08:21:35+00:00
Y6KZplf-Jwg,2022-02-10T08:20:43+00:00
fHOYnHiAcic,2022-02-10T08:12:31+00:00
cMOKamtpUA8,2022-02-10T04:55:57+00:00
qbAab1hTxN4,2022-02-10T04:55:27+00:00
0AvuweztG4Q,2022-02-10T04:55:04+00:00
d0LeL9BUPtA,2022-02-10T04:51:02+00:00
Tc1J7y4xIdA,2022-02-10T04:50:47+00:00
gOK3rqVgN2I,2022-02-10T04:42:43+00:00
giEnkiRHJ9Y,2022-02-10T04:18:38+00:00
b_0sWwK53BQ,2022-02-10T04:13:52+00:00
5DwJm9eIcx0,2022-02-10T04:08:54+00:00
upIexEwu_Qc,2022-02-10T03:53:21+00:00
rzA76vCbLcA,2022-02-10T03:48:25+00:00
XCwUGwCJw0g,2022-02-10T01:19:54+00:00
9ZqghCSu3vc,2022-02-09T22:15:01+00:00
qO8yfBLNVjU,2022-02-09T19:02:26+00:00
JlpLsk6lo1k,2022-02-09T14:35:29+00:00
ji6Xx24Oc4s,2022-02-09T11:52:10+00:00
d94lDBndEiA,2022-02-09T01:07:23+00:00
o3msi5AmAJg,2022-02-09T01:02:45+00:00
80OZsET14fg,2022-02-08T20:50:04+00:00
LaQTpFIM6_s,2022-02-08T16:40:01+00:00
eoDVTvCwEgY,2022-02-08T14:27:35+00:00
enJ6be4qLMs,2022-02-06T01:44:39+00:00
U8U_4UdyQUE,2022-02-05T07:37:30+00:00
4-LwbiQA-g8,2022-02-05T05:37:16+00:00
QPzqHToMf7U,2022-02-04T07:22:34+00:00
Mz79smd1dkE,2022-02-03T10:56:02+00:00
IqqBcLcdhJM,2022-02-01T11:14:52+00:00
daP2N1JPv3s,2022-01-31T08:32:00+00:00
Q7UdUrHAero,2022-01-31T06:51:40+00:00
ldQpRMegYc0,2022-01-31T06:41:19+00:00
yfa6hC5_iSc,2022-01-30T08:23:36+00:00
GLA72sr-1qY,2022-01-30T08:23:26+00:00
zLeB4ztGSsY,2022-01-30T00:52:29+00:00
Y5U2E9CPYtg,2022-01-28T04:49:51+00:00
swxBQ1NCf7A,2022-01-28T01:46:50+00:00
GrDHCxXF318,2022-01-27T22:39:51+00:00
LHlodYsovHs,2022-01-27T17:39:27+00:00
UhkC85HfRoE,2022-01-27T11:58:14+00:00
YR5USHu6D6U,2022-01-27T06:37:36+00:00
6wEDTT1akTE,2022-01-26T22:29:47+00:00
K7xKRWXMVuc,2022-01-26T21:08:13+00:00
yWZeomzkCaU,2022-01-26T03:11:54+00:00
hKEAtdGGh80,2022-01-26T00:32:09+00:00
4opMOOt-J6o,2022-01-25T22:51:33+00:00
7_MZxAy8xoE,2022-01-25T20:34:40+00:00
SxRNV8_OCIo,2022-01-24T21:46:00+00:00
iloZdjxH4FU,2022-01-24T21:39:57+00:00
WiW7o8HWG3Q,2022-01-22T03:10:45+00:00
TcR6-dI5sVs,2022-01-22T02:45:04+00:00
bStsA4DK0bs,2022-01-21T07:52:07+00:00
09BJyzWUesw,2022-01-20T03:27:06+00:00
uK3Fk-TycNk,2022-01-20T03:12:52+00:00
kIeD6VeDEUA,2022-01-20T01:18:58+00:00
nH4T7hQ1w9M,2022-01-19T05:12:31+00:00
NlxlGd5QfRU,2022-01-19T03:37:43+00:00
YU50Pi87uNg,2022-01-18T19:42:34+00:00
XatVOukxxtE,2022-01-18T17:45:23+00:00
it-CT0J308Q,2022-01-18T17:40:44+00:00
r30D3SW4OVw,2022-01-13T09:26:44+00:00
xNP-lEwErrc,2022-01-11T05:24:22+00:00
Sk3-1UTU6QQ,2022-01-10T06:19:31+00:00
F2wbMg71ue4,2022-01-09T22:29:01+00:00
syFKO4ou8sw,2022-01-08T20:45:02+00:00
Ub1Q6ReS9qU,2022-01-04T21:33:44+00:00
f9Xvv-a5K1w,2022-01-04T08:19:10+00:00
SIl7T9KsfMI,2022-01-04T01:58:44+00:00
VC6pki1KG3o,2022-01-04T01:45:45+00:00
d414nPNQJkE,2022-01-02T23:02:10+00:00
UbkqE4fpvdI,2022-01-02T04:03:51+00:00
6aGcWCodLc4,2022-01-01T03:22:01+00:00
u60H_vx0Z4E,2022-01-01T02:48:13+00:00
QqEZjhctHXs,2021-12-31T01:48:12+00:00
VeFtdq8cEZM,2021-12-31T01:32:19+00:00
KkfseX_pB5U,2021-12-31T01:04:50+00:00
s_num0eZIQ8,2021-12-30T06:45:09+00:00
__C9aVdTYdU,2021-12-29T05:34:54+00:00
eFHdRkeEnpM,2021-12-25T04:00:25+00:00
eFHdRkeEnpM,2021-12-25T03:59:41+00:00
N1wuLrUOuag,2021-12-24T22:44:16+00:00
i56xzNLvQDQ,2021-12-24T22:38:55+00:00
i56xzNLvQDQ,2021-12-24T22:38:41+00:00
oik__Y8yqkg,2021-12-24T18:44:37+00:00
rkXQXAvMICs,2021-12-24T18:28:49+00:00
UTjDYS5OGi8,2021-12-24T10:38:31+00:00
OxedhXzshUw,2021-12-24T03:49:20+00:00
BWReGCOFCGo,2021-12-23T23:59:58+00:00
 -jvUFIVdR-Y,2021-12-21T01:37:24+00:00
PrJEdmiOpZ4,2021-12-17T02:14:34+00:00
60PGG1Miwr4,2021-12-16T03:23:09+00:00
kl1LP81eSKY,2021-12-16T02:40:36+00:00
Mz6EijdvyFw,2021-12-16T02:34:49+00:00
tT6oolJjp8Q,2021-12-16T02:33:51+00:00
VYtOzXLGtNc,2021-12-16T02:09:46+00:00
bjXG9Y495Us,2021-12-15T23:33:49+00:00
n_m_phg02RE,2021-12-13T22:31:04+00:00
44P7pr8CNUc,2021-12-12T04:53:01+00:00
qPx-8uWSLuQ,2021-12-11T20:35:37+00:00
zckTyYeWT6g,2021-12-11T20:33:19+00:00
uco5FNbjqv0,2021-12-11T19:06:31+00:00
lAbkNjr2BpA,2021-12-11T16:40:35+00:00
mcAZZP7wYUI,2021-12-11T07:53:26+00:00
RPUpxWFbAjI,2021-12-11T06:27:54+00:00
IGUAChyue2I,2021-12-10T16:50:05+00:00
bDWSemTCV40,2021-12-10T16:04:08+00:00
h4rmDzRdsq8,2021-12-10T14:42:43+00:00
MhRi6GRDsg8,2021-12-10T14:41:36+00:00
SuKcF1UzLTk,2021-12-09T21:42:32+00:00
u2qkw21z5Rg,2021-12-09T17:54:41+00:00
Z0IpzsF8HK4,2021-12-09T08:46:34+00:00
OB1-dR3Ar1Q,2021-12-08T06:25:54+00:00
lUFKfjGPpbo,2021-12-01T06:20:02+00:00
t-wXB-kZBq0,2021-12-01T05:36:42+00:00
Udyqd40Xiek,2021-12-01T05:28:15+00:00
dzUD4zRCmzE,2021-11-30T20:17:50+00:00
Eg1511u7i1Y,2021-11-28T06:44:13+00:00
MztQxUVkElI,2021-11-28T02:53:57+00:00
Xs2H5Dsz9nE,2021-11-27T10:00:14+00:00
qG3UQuEE5aA,2021-11-27T08:44:15+00:00
AZ_OSvPMuG0,2021-11-25T04:48:14+00:00
 -tSofoFukC4,2021-11-23T23:34:14+00:00
 -oI2eonMVqs,2021-11-21T07:50:52+00:00
goS4yan1AGM,2021-11-18T10:44:37+00:00
QmR4zLcORNc,2021-11-15T22:53:05+00:00
GND7sPNwWko,2021-11-15T18:31:45+00:00
bNPsMe7u74o,2021-11-15T18:26:03+00:00
UJ-5PEBhi2c,2021-11-13T20:32:49+00:00
PIrw6v68zQs,2021-11-13T20:23:47+00:00
hGnBlhgNlp8,2021-11-13T20:16:12+00:00
hxsYrfKf_pc,2021-11-13T19:47:39+00:00
WAEU9q1kLvk,2021-11-12T06:13:41+00:00
ZxGiEoczryg,2021-11-12T01:23:46+00:00
iAlg7cIqMe8,2021-11-11T06:52:24+00:00
Qxqq5vahHKk,2021-11-10T02:31:47+00:00
EhuxUVizq-8,2021-11-10T02:28:47+00:00
bz_W5TjjQ2w,2021-11-07T04:02:29+00:00
0vOCHpRq0h4,2021-11-07T03:39:49+00:00
YYbzS4CwfxY,2021-11-07T00:33:28+00:00
RhcgpWqeb4I,2021-11-06T23:30:50+00:00
ShB_HI6F1f4,2021-11-06T21:46:51+00:00
IsAPnsBP1-U,2021-11-06T18:09:26+00:00
ohjiE42oHZc,2021-11-05T20:18:16+00:00
JSzweS8a6ck,2021-11-05T20:00:25+00:00
5waOheqeqYk,2021-11-05T04:47:20+00:00
u4IAnSdtbNY,2021-10-30T18:57:24+00:00
fRzzwVGE7J0,2021-10-30T18:55:27+00:00
T1fQZg2oVno,2021-10-30T08:56:10+00:00
qxB2Vf1Js0U,2021-10-29T05:01:35+00:00
W77vwPasDz0,2021-10-29T04:58:54+00:00
s3ljNJCt5DA,2021-10-28T20:03:52+00:00
j34wOGuFW9o,2021-10-28T17:00:53+00:00
8hddFBlV_Uw,2021-10-28T02:02:26+00:00
ZfBg7N-sf9A,2021-10-27T23:27:53+00:00
Gmj8CJP1dtA,2021-10-27T21:53:11+00:00
Q7YDEmbI4q8,2021-10-27T09:36:39+00:00
FwrP-gUdhH0,2021-10-26T19:35:20+00:00
Iyxu2Rf46xI,2021-10-26T03:34:28+00:00
9tqQg-RB4Yg,2021-10-23T05:31:50+00:00
Q8jSt9crx4s,2021-10-23T05:14:51+00:00
QUnN10ApaQk,2021-10-23T03:45:23+00:00
QUnN10ApaQk,2021-10-23T03:45:11+00:00
0SoFXbQacWQ,2021-10-22T01:05:58+00:00
c2vCpT1H7u0,2021-10-21T21:54:38+00:00
juligEIi3Sg,2021-10-21T21:50:56+00:00
2ij5DGxYi2k,2021-10-21T21:42:24+00:00
exmEQj3cUTY,2021-10-21T19:25:57+00:00
yDmCp_kgjiA,2021-10-21T07:09:47+00:00
zfiISFiozg8,2021-10-19T21:08:17+00:00
zWf2DFWzKQw,2021-10-19T21:03:55+00:00
nuzr0OFg61A,2021-10-12T20:49:56+00:00
gEdl4PBNGd4,2021-10-12T20:47:36+00:00
AMJFXUC4bVc,2021-10-12T20:45:08+00:00
X6zCjW2fp-Y,2021-10-12T20:42:25+00:00
9fjg7N_mGaU,2021-10-11T23:44:21+00:00
P5YNSNC0Ijw,2021-10-11T19:04:24+00:00
K5EzkOQwAVc,2021-10-11T07:23:33+00:00
2DCPF3lN5X0,2021-10-10T03:26:41+00:00
 -nmmAT4KHbU,2021-10-10T02:34:05+00:00
2yplwTe5IFQ,2021-10-07T21:56:41+00:00
ovImHlwSRVg,2021-10-07T21:54:53+00:00
7kGPhpvqtOc,2021-10-07T21:37:07+00:00
7kGPhpvqtOc,2021-10-07T21:36:41+00:00
oc50wHexbwg,2021-10-07T15:09:16+00:00
EGKLMPsaOl0,2021-10-07T15:05:39+00:00
P5YNSNC0Ijw,2021-10-07T14:18:14+00:00
58bAgVSYV1E,2021-10-07T13:57:40+00:00
5bfE4bo4bTQ,2021-10-07T13:44:28+00:00
6OpnRuooGfw,2021-10-07T13:43:43+00:00
Qfd5srbPUlo,2021-10-07T13:39:56+00:00
hi4XrAF-Yc8,2021-10-07T13:37:59+00:00
hi4XrAF-Yc8,2021-10-07T13:36:49+00:00
fYemukpyiVk,2021-10-07T13:33:49+00:00
BFQPNApwJGU,2021-10-07T13:32:23+00:00
fq2dWTBVZD4,2021-10-07T13:26:33+00:00
y8XVHnNaJOo,2021-10-07T13:23:50+00:00
y8XVHnNaJOo,2021-10-07T13:22:14+00:00
p0mRIhK9seg,2021-10-07T13:19:18+00:00
TlViAids4_g,2021-10-07T13:15:25+00:00
ZiqN-WV0RYw,2021-10-07T13:14:19+00:00
9ZfM8ZYTt0o,2021-10-07T13:09:25+00:00
YNYYRl86R4g,2021-10-07T13:07:57+00:00
suvxVcdRlr8,2021-10-07T04:28:43+00:00
rXXM60niKbg,2021-10-07T04:27:19+00:00
OddgsPyCJmU,2021-10-07T04:26:01+00:00
WOZhB_qC2W4,2021-10-07T03:25:12+00:00
XDIYOiQUi2s,2021-10-05T20:40:17+00:00
SHm3-f3M8Xk,2021-10-05T20:37:29+00:00
7q4D7VAR_28,2021-10-05T20:29:15+00:00
Ujg7xHZ-nrE,2021-10-05T20:25:45+00:00
1tslk2Cdk3U,2021-10-04T00:58:11+00:00
3LY3ftiLqmE,2021-10-03T20:55:14+00:00
Y43XLVqjytQ,2021-10-03T18:12:08+00:00
CMnzfnTZ32w,2021-10-03T18:09:32+00:00
sELxgrgaQUk,2021-10-03T08:25:38+00:00
bJ3rwru0S8Q,2021-10-03T07:15:35+00:00
t4K35LzJ1yg,2021-10-03T07:08:55+00:00
YJGKExzaxwc,2021-10-03T07:08:24+00:00
U7UHmKfUAu8,2021-10-03T02:25:24+00:00
An7XksKTSmk,2021-10-01T06:47:32+00:00
7u5c-Qndqio,2021-10-01T04:48:28+00:00
MaVp1cFERUY,2021-10-01T04:45:52+00:00
ovcnIPL-CWs,2021-10-01T00:30:10+00:00
BVglo7vRskA,2021-10-01T00:23:45+00:00
50YFhxL6efs,2021-09-30T22:45:04+00:00
RDrt-ehF3s8,2021-09-25T05:36:52+00:00
rtHLnDTyA6o,2021-09-25T05:36:21+00:00
YMdd1B9Q1wg,2021-09-22T00:26:20+00:00
IMtx8mizzck,2021-09-19T19:22:59+00:00
u4excbMe8Tc,2021-09-19T07:50:56+00:00
EtYre1GABao,2021-09-18T20:00:13+00:00
mD8TApX3btM,2021-09-18T19:59:43+00:00
EPmTGFg06zA,2021-09-18T19:58:09+00:00
18L7cZ6yXgU,2021-09-18T19:53:27+00:00
AWaXBlUGRWE,2021-09-18T19:40:17+00:00
lkTLWXlobYU,2021-09-18T18:26:24+00:00
aquk_WDbybg,2021-09-18T18:03:08+00:00
Q9PUfJPfuy0,2021-09-18T09:50:53+00:00
zDV_dBYp4h0,2021-09-18T08:25:19+00:00
TgCabfwdhEM,2021-09-18T08:12:32+00:00
V5AztWseIdU,2021-09-18T07:27:31+00:00
w3vWGZgV-N4,2021-09-18T04:57:00+00:00
dhjBEkb02tU,2021-09-15T05:27:48+00:00
mb5_5oErVi8,2021-09-15T05:16:10+00:00
WePGtXOZglo,2021-09-15T00:39:57+00:00
_nBVTqj5ac0,2021-09-14T23:14:15+00:00
walmh8l2n4Q,2021-09-14T20:43:54+00:00
6MucREx-e4Q,2021-09-13T05:15:30+00:00
PGugRv9G9pQ,2021-09-11T09:30:34+00:00
XnBrEn3rkyI,2021-09-11T04:28:55+00:00
peh6JCBoznk,2021-09-11T02:51:32+00:00
BYY1iTyWa54,2021-09-11T02:46:50+00:00
ejzXKp7mgrA,2021-09-10T17:53:21+00:00
7eOvxF9Eup4,2021-09-05T07:36:15+00:00
nmp1Ff7MAHE,2021-09-03T05:11:29+00:00
q0ZrF7taMHA,2021-09-02T06:45:22+00:00
PE1lzqJCeJ0,2021-09-01T19:59:12+00:00
P3A6b5NFrC8,2021-08-24T04:11:33+00:00
e9zU8wX2aTY,2021-08-24T02:59:12+00:00
wfik2eWywxo,2021-08-23T21:35:18+00:00
G_SBPZ_pdv4,2021-08-23T09:44:04+00:00
yc7GHKDqhAo,2021-08-23T06:17:55+00:00
BUzFAV4072g,2021-08-23T06:13:56+00:00
CFOQZbsB5sE,2021-08-22T03:37:19+00:00
FKy6RApTHug,2021-08-22T01:24:17+00:00
q9_fCt1S1hg,2021-08-14T04:00:05+00:00
LhInwkq4nAw,2021-08-13T20:09:29+00:00
a2IY-OywuOw,2021-08-13T19:08:12+00:00
C-gKcjtNhKI,2021-08-13T18:45:11+00:00
lBeiuhb36RY,2021-08-13T18:26:58+00:00
eDw7QxWBw8M,2021-08-13T07:19:03+00:00
CH8gV_zhEQ4,2021-08-11T08:45:19+00:00
zTGTooyhAmA,2021-08-11T08:35:50+00:00
IWZWKEP5jOw,2021-08-05T00:50:59+00:00
2w6XJDDRC1w,2021-08-05T00:40:41+00:00
fWEc6c3OFZQ,2021-08-04T21:22:48+00:00
CV6nP8Ppgik,2021-08-04T16:26:45+00:00
84WZrgMpgbw,2021-08-04T07:19:33+00:00
a89B8yi8iAA,2021-08-03T22:36:13+00:00
KjicTXc5SGs,2021-08-03T17:08:56+00:00
EIl0UEwMnCA,2021-08-02T06:28:34+00:00
RbQ9eH5RNGk,2021-08-01T08:56:55+00:00
L4XTJao2iLA,2021-08-01T08:30:11+00:00
ANArGmr74u4,2021-08-01T05:08:34+00:00
zHCWvMt5VCA,2021-08-01T02:20:23+00:00
zTjwHYmOd2w,2021-08-01T02:08:07+00:00
mB7oK8Os1ac,2021-07-31T22:02:38+00:00
BskdmYlXr2E,2021-07-31T22:01:17+00:00
Vy45Cb1K7AI,2021-07-25T08:51:00+00:00
0zhHnf-yTng,2021-07-25T07:21:29+00:00
QGvUfF4k0jw,2021-07-25T06:34:27+00:00
bkt19-VYSRg,2021-07-24T08:01:26+00:00
hzvEVBmDeNU,2021-07-23T05:54:25+00:00
WUwf9GgHFnI,2021-07-23T05:52:25+00:00
l7b7M6BOjiM,2021-07-22T19:36:06+00:00
phBThlPTBEg,2021-07-22T06:15:39+00:00
U-pVz2LTakM,2021-07-22T06:15:12+00:00
3E9tN3vnyf4,2021-07-22T04:40:51+00:00
OWHO8EsB7MQ,2021-07-21T08:42:10+00:00
F70oXOOUv0I,2021-07-20T21:23:18+00:00
Hq_05YpTOcY,2021-07-20T06:43:17+00:00
N1JHqeFxgJs,2021-07-16T20:40:55+00:00
rD_OOV-iWVM,2021-07-15T23:04:33+00:00
EkICI8ynQL4,2021-07-15T22:57:16+00:00
mehWW60OICo,2021-07-15T17:10:05+00:00
llmzJ4VttkA,2021-07-15T07:57:00+00:00
MfyF-jfbUjs,2021-07-15T06:28:13+00:00
lU1WnJt-7yc,2021-07-15T02:27:10+00:00
 -rKVKoC_ba4,2021-07-10T10:37:58+00:00
ECqn8TEhXJA,2021-07-10T10:37:29+00:00
Gxui_G2sidg,2021-07-10T05:23:23+00:00
hLS8gxQRS_8,2021-07-08T23:41:39+00:00
c639hksrUzU,2021-07-06T16:58:49+00:00
ticfaW7Dbro,2021-07-01T04:34:32+00:00
k8AHe2eKI5k,2021-06-30T02:08:58+00:00
iDOl5q7UXfg,2021-06-05T02:35:26+00:00
EMXMbcD37kE,2021-06-02T12:02:22+00:00
6ttJAOgi_pE,2021-06-01T04:44:04+00:00
z2KoIeZE2zM,2021-05-24T06:51:58+00:00
XDqcYhMdE24,2021-05-20T07:40:35+00:00
bOlfjkI8XfM,2021-05-19T04:47:01+00:00
b-mGA4V2LK0,2021-05-18T00:55:00+00:00
f5EzLDD1D_Q,2021-05-15T03:17:21+00:00
JxrNA_nWs78,2021-05-11T07:38:34+00:00
OfYsU5lrABI,2021-05-09T06:52:23+00:00
1b9boayDR5w,2021-05-09T06:48:40+00:00
BzOT12iGV4Y,2021-05-03T04:17:54+00:00
VlAkGVMPs-c,2021-04-30T08:29:51+00:00
XFz8lw4bKLw,2021-04-23T19:31:04+00:00
7I0vkKy504U,2021-04-19T00:50:46+00:00
WuImwq-SZ5g,2021-04-18T21:23:24+00:00
Xq9iNk_r7N0,2021-04-18T19:10:03+00:00
IfVmFkjsUtc,2021-04-17T05:46:15+00:00
eObdh83zV24,2021-04-17T05:33:11+00:00
8TAlvftvH4s,2021-04-15T04:22:06+00:00
i7UOnWgWfnU,2021-04-15T03:51:08+00:00
dlGxUAtJFPA,2021-04-13T04:21:44+00:00
XL4dcAIWqgA,2021-04-13T04:19:29+00:00
oVXjRnzQ0BU,2021-04-13T04:17:29+00:00
1aWvDsotaM4,2021-04-13T00:40:57+00:00
QMOvyPpyCKs,2021-03-20T08:48:50+00:00
NyL7bzahLps,2021-03-20T08:22:08+00:00
bm0XIfbfKp4,2021-03-18T20:13:12+00:00
sug9oLNW8gw,2021-03-05T00:26:15+00:00
mPymRFeTJa4,2021-03-03T04:51:46+00:00
pDJj7kUixIQ,2021-03-02T04:19:26+00:00
SGJFWirQ3ks,2021-03-02T03:27:37+00:00
vfKhvzUdJoM,2021-03-02T03:20:30+00:00
Pyz4V5X0dJk,2021-03-02T03:19:56+00:00
fu3UHWQ9r7k,2021-02-28T02:37:00+00:00
fb9R_cvwKSU,2021-02-26T03:27:31+00:00
6iZAKT9x1kU,2021-02-21T02:36:50+00:00
Vg1jyL3cr60,2021-02-20T21:51:46+00:00
mxC2-VpIkcg,2021-02-14T03:06:49+00:00
TMn1UuEIVvA,2021-02-13T08:10:41+00:00
nqoAb6SkTZw,2021-01-31T07:50:43+00:00
3OC2aPCuzjo,2021-01-22T01:59:51+00:00
7x91ZFVt0qI,2021-01-22T01:32:17+00:00
_p7K2pnmy00,2021-01-20T16:38:21+00:00
iNnJ544Q2Ow,2021-01-20T05:07:13+00:00
_l09H-3zzgA,2021-01-17T19:57:23+00:00
r5iQzD2Bs5Y,2021-01-17T19:52:39+00:00
NERDZ88SCOg,2021-01-17T03:57:37+00:00
AKkHagHlqD4,2021-01-17T03:52:39+00:00
0G383538qzQ,2021-01-17T01:07:18+00:00
k2cNl0xjoI4,2021-01-16T00:15:38+00:00
B2RyoRG2vs8,2021-01-08T20:31:17+00:00
4Uc0uYIU_gE,2021-01-08T20:10:55+00:00
Ven-pqwk3ec,2021-01-06T14:05:33+00:00
ixnH2MjRaAc,2021-01-05T06:00:31+00:00
5STQLeLIuvo,2021-01-04T00:20:25+00:00
IrcEQ506MY8,2021-01-03T22:52:55+00:00
w4LkSRXrK34,2021-01-02T07:25:28+00:00
7nJRGARveVc,2021-01-02T07:25:07+00:00
m2ABEOVoikg,2021-01-02T05:39:41+00:00
bOhHAaC6B54,2021-01-02T03:13:02+00:00
KAmHrTX1lME,2021-01-02T02:58:30+00:00
zuuObGsB0No,2021-01-02T02:22:20+00:00
CzTDK1elsmQ,2021-01-01T04:23:47+00:00
w2SjaKj5S50,2021-01-01T04:06:55+00:00
U-ODoOHoNyQ,2021-01-01T03:24:32+00:00
Cwt6Va-kUUU,2021-01-01T03:22:36+00:00
MxFOOE8EoUU,2021-01-01T03:20:16+00:00
_-QQI6lb_Hg,2021-01-01T03:19:38+00:00
phCX0E8avxs,2021-01-01T03:19:20+00:00
Xc-2eO8FJzk,2021-01-01T03:18:11+00:00
u_Iu0u9IBxw,2020-12-31T23:57:58+00:00
u4MG_ibE6kk,2020-12-31T23:49:11+00:00
yuTMWgOduFM,2020-12-31T02:40:15+00:00
WDswiT87oo8,2020-12-30T06:33:09+00:00
Nco_kh8xJDs,2020-12-30T06:25:02+00:00
1lyu1KKwC74,2020-12-30T06:21:08+00:00
qT6XCvDUUsU,2020-12-30T06:20:27+00:00
5wrwcEZ3Btw,2020-12-30T06:16:42+00:00
ICjyAe9S54c,2020-12-30T06:14:23+00:00
z3YMxM1_S48,2020-12-30T06:05:11+00:00
0S43IwBF0uM,2020-12-30T06:02:24+00:00
fhzkeFiXfPI,2020-12-30T05:59:56+00:00
wl-eVipq5cE,2020-12-30T05:59:15+00:00
ugrNaOX039A,2020-12-30T05:59:09+00:00
HBEMuP_PtiI,2020-12-30T05:58:53+00:00
QQZXynCCaGA,2020-12-30T05:57:38+00:00
pQa8jASm5IA,2020-12-30T05:56:28+00:00
ClXUlSx65y4,2020-12-30T05:51:50+00:00
f6LuP8Jr_9A,2020-12-30T05:46:10+00:00
R82XGJV_nkU,2020-12-30T05:38:55+00:00
yByP88jUQH4,2020-12-30T05:31:56+00:00
mlYJf6CJXV8,2020-12-30T05:28:33+00:00
M2xZAWgJ8rE,2020-12-30T05:27:26+00:00
dsZiKQ9CEck,2020-12-29T06:01:22+00:00
yYcyacLRPNs,2020-12-29T05:51:35+00:00
G6M7eYx4dEI,2020-12-29T05:26:01+00:00
fekWiU3K_e0,2020-12-29T05:25:31+00:00
Cqdv032mFbg,2020-12-29T05:22:54+00:00
V36g51g3B8U,2020-12-29T05:20:07+00:00
zc5ppYQNQFg,2020-12-29T05:19:59+00:00
Y0zbHmQhKME,2020-12-29T05:18:28+00:00
VteuWD_dIdk,2020-12-29T05:18:15+00:00
QO93p3ZZ8Xw,2020-12-29T05:18:05+00:00
Wl2EA9wpV8o,2020-12-29T05:10:54+00:00
u06fuYE_Kyk,2020-12-29T05:10:46+00:00
p7HJuMH7nS0,2020-12-29T05:10:37+00:00
3bNITQR4Uso,2020-12-29T05:10:31+00:00
H5s40sDP-94,2020-12-29T05:10:04+00:00
GFYutf2VSqI,2020-12-29T05:09:38+00:00
f1qv4yDCvek,2020-12-29T05:09:34+00:00
0L0i6HYJ-EA,2020-12-29T05:09:15+00:00
aqkTa1sPrg4,2020-12-29T05:09:11+00:00
OUvCvNyI700,2020-12-29T05:09:03+00:00
3iPZdvDGJdg,2020-12-29T05:08:59+00:00
BC2dRkm8ATU,2020-12-29T05:08:56+00:00
iZAqaykiS70,2020-12-29T05:08:50+00:00
cYXI344Siew,2020-12-29T05:08:45+00:00
er9q7YA5WyU,2020-12-29T05:08:42+00:00
R7-v1slmarM,2020-12-29T05:08:38+00:00
miQKwn1l7h0,2020-12-29T05:08:29+00:00
IRqkY6tSzOM,2020-12-29T05:08:26+00:00
ouLdo7R0MGY,2020-12-29T05:08:21+00:00
OUfnkKBuB0A,2020-12-29T05:08:15+00:00
Gm1kC6xcRlE,2020-12-29T05:08:11+00:00
PmC9FsfUzy0,2020-12-29T05:08:08+00:00
ARXPPtM9jUo,2020-12-29T05:07:59+00:00
iHCE8SVxbBM,2020-12-29T05:07:45+00:00
ZO7ZWfvCjBE,2020-12-29T05:07:26+00:00
tARFYFQIGaQ,2020-12-29T05:07:21+00:00
eZBcuV1nfVk,2020-12-29T05:07:17+00:00
2pqSKlI3QuU,2020-12-29T05:07:13+00:00
R90kVBcVgE8,2020-12-29T05:07:09+00:00
jqQznao1YXA,2020-12-29T05:07:04+00:00
itVDaqZz2cI,2020-12-29T05:06:49+00:00
I2njMBxlnmM,2020-12-29T05:06:45+00:00
Ki5keBCz8DQ,2020-12-29T05:06:36+00:00
pFkGvVFdx-o,2020-12-29T05:06:29+00:00
eXSYhhtA2bA,2020-12-29T05:06:24+00:00
U3-hRlnL6jQ,2020-12-29T05:06:20+00:00
tW3J9XnBbqk,2020-12-29T05:06:15+00:00
lahD-KvSDQo,2020-12-29T05:06:01+00:00
rY6uRh_FS5Q,2020-12-29T05:03:35+00:00
wwZbonjAlPc,2020-12-29T05:02:58+00:00
2kXMcjKhBgU,2020-12-29T05:02:40+00:00
P8qqqZHRjL4,2020-12-29T05:02:31+00:00
cy46iOwWQiE,2020-12-29T05:02:20+00:00
g_72RkQV25Y,2020-12-29T05:02:07+00:00
wo1OwRTRKRk,2020-12-29T05:02:03+00:00
zRy09dnCUU4,2020-12-29T05:01:54+00:00
C3ofv17vtz0,2020-12-29T05:01:50+00:00
no1vf854aUc,2020-12-29T05:00:58+00:00
rVLyDvQh7k8,2020-12-29T05:00:50+00:00
jiRUH9b33dA,2020-12-29T05:00:44+00:00
G3kUIwJuHh0,2020-12-29T05:00:39+00:00
KptOdEYDYRo,2020-12-29T05:00:32+00:00
MCZbjClHc18,2020-12-29T05:00:28+00:00
nGnFF5w5sro,2020-12-29T05:00:21+00:00
BfZBKzaM8AU,2020-12-29T05:00:17+00:00
ya0ICamwuZI,2020-12-29T05:00:14+00:00
1t2BAVzJVL4,2020-12-29T05:00:08+00:00
e4TFD2PfVPw,2020-12-29T05:00:03+00:00
Df6w7k33Wus,2020-12-29T04:59:59+00:00
mkEmnrUzFFE,2020-12-29T04:59:51+00:00
r-zxJhTOapA,2020-12-29T04:59:40+00:00
DtVBCG6ThDk,2020-12-29T04:59:36+00:00
erJHjruJuQQ,2020-12-29T04:59:27+00:00
4zWeh9q_ENU,2020-12-29T04:59:20+00:00
re61B8sKQWk,2020-12-29T04:59:11+00:00
23fYycfSO20,2020-12-29T04:59:06+00:00
jZ_B5cTXSNo,2020-12-29T04:58:55+00:00
6oWf3lQS6dU,2020-12-29T04:58:46+00:00
j7mNDtWc93o,2020-12-29T04:58:40+00:00
LWz0JC7afNQ,2020-12-29T04:58:32+00:00
z0qW9P-uYfM,2020-12-29T04:58:25+00:00
tbKkh5dXcDY,2020-12-29T04:58:20+00:00
QGcAStgi4yw,2020-12-29T04:58:11+00:00
Z_qBmPW-d5M,2020-12-29T04:58:01+00:00
SEdINOqCAwM,2020-12-29T04:57:57+00:00
dwkwjOd7MCU,2020-12-29T04:57:51+00:00
bd1GDyHiICU,2020-12-29T04:57:41+00:00
 -SjfKXPMHLM,2020-12-29T04:57:32+00:00
70QxaHVOLOk,2020-12-29T04:57:27+00:00
TmtaTOo6gFA,2020-12-29T04:57:20+00:00
PY6WIpCD1L4,2020-12-29T04:57:09+00:00
_YpZjRYBDGg,2020-12-29T04:57:04+00:00
xYihzEIChDs,2020-12-29T04:57:00+00:00
LDNBKff6g_E,2020-12-29T04:56:39+00:00
LuN6gs0AJls,2020-12-29T04:56:34+00:00
mcMh6GZoFC8,2020-12-29T04:56:28+00:00
z-mxBDuRaZ8,2020-12-29T04:56:22+00:00
JQ3r6O9Bk6Q,2020-12-29T04:56:12+00:00
-3cO4vgaytU,2020-12-29T04:56:07+00:00
4qLB68zUItI,2020-12-29T04:55:31+00:00
SO-7flJBImM,2020-12-28T16:09:01+00:00
gKOCX5vrazc,2020-12-25T22:46:08+00:00
wojnldBSHzA,2020-12-18T18:13:46+00:00
fY1IXtyyRp0,2020-12-12T17:27:24+00:00
kGxOaDdg2kI,2020-12-12T16:43:39+00:00
unlA3tlvubU,2020-12-10T02:41:18+00:00
YRjKlZiGHQI,2020-12-07T07:30:16+00:00
3qK82JvRY5s,2020-12-07T05:52:04+00:00
61rvprZBiIg,2020-12-07T05:03:56+00:00
MTCCu8t8y-I,2020-12-07T03:52:28+00:00
j802Z7PmLQM,2020-12-05T10:50:53+00:00
ypKz5MPrFpc,2020-12-05T04:40:21+00:00
_NbcDS7AeVA,2020-12-05T04:34:36+00:00





